Uuid,Exchange,TimeStamp,OrderType,Limit,Quantity,QuantityRemaining,Commission,Price,PricePerUnit,IsConditional,Condition,ConditionTarget,ImmediateOrCancel,Closed
e3b7c6da-190a-4391-a1cb-247bb78ffc82,BTC-ETH,12/2/2017 1:07:48 AM,LIMIT_BUY,0.04210007,0.20000000,0.00000000,0.00002105,0.00842001,0.04210005,False,,0.00000000,False,12/2/2017 1:07:53 AM
0ef61592-8cdf-4386-a024-11968f0d5fcd,ETH-LTC,12/2/2017 1:41:39 AM,LIMIT_SELL,0.21560000,0.71000000,0.00000000,0.00038269,0.15307600,0.21560000,False,,0.00000000,False,12/2/2017 3:20:46 AM
bf407403-4f1e-4241-bbfd-aee2f642c8b2,BTC-XMR,12/2/2017 11:28:33 AM,LIMIT_BUY,0.01715401,0.20000000,0.00000000,0.00000857,0.00343080,0.01715400,False,,0.00000000,False,12/2/2017 11:28:33 AM
c6c2492d-028f-4fc5-8fc1-fa0d95b86ccf,USDT-XMR,12/2/2017 1:54:32 PM,LIMIT_SELL,200.00000000,0.10000000,0.00000000,0.05000000,20.00000000,200.00000000,False,,0.00000000,False,12/2/2017 11:12:04 PM
74c68f09-8d6e-47be-879e-9ee5d32a066a,USDT-ETH,12/2/2017 11:38:51 PM,LIMIT_BUY,456.31000000,0.03279021,0.00000000,0.03740625,14.96250072,456.30999984,False,,0.00000000,False,12/2/2017 11:56:44 PM
bc1d44e1-fad5-471e-9ff1-b721a4951f5c,ETH-LTC,12/3/2017 12:19:37 AM,LIMIT_SELL,0.21730000,0.50000000,0.00000000,0.00027162,0.10865000,0.21730000,False,,0.00000000,False,12/3/2017 12:44:34 AM
5063cd6c-7d10-4a20-8554-fa14df0cd5c0,ETH-XMR,12/3/2017 5:21:23 PM,LIMIT_BUY,0.42529817,1.17270667,0.11933666,0.00111999,0.44799633,0.42529816,False,,0.00000000,False,12/3/2017 5:33:28 PM
1a35cf6a-f458-44d6-aa40-fd0a4a7101c9,ETH-XMR,12/3/2017 11:03:02 PM,LIMIT_BUY,0.42649736,0.93552748,0.00000000,0.00099750,0.39900000,0.42649736,False,,0.00000000,False,12/3/2017 11:03:46 PM
a6c6684c-3d56-45b4-873d-6981d4e023fd,ETH-DASH,12/3/2017 11:08:49 PM,LIMIT_BUY,1.66100000,0.24015644,0.00000000,0.00099724,0.39889984,1.66099997,False,,0.00000000,False,12/3/2017 11:10:23 PM
c612f6ca-6c10-4d3f-b14e-bdffa3d56950,ETH-XLM,12/3/2017 11:21:56 PM,LIMIT_BUY,0.00020030,504.14434449,0.00000000,0.00025244,0.10098010,0.00020030,False,,0.00000000,False,12/3/2017 11:22:32 PM
55f6e098-69ad-41dd-a8f1-d80c737c5855,USDT-OMG,12/3/2017 11:29:15 PM,LIMIT_BUY,9.37499981,0.42560001,0.00000000,0.00997500,3.99000001,9.37499980,False,,0.00000000,False,12/3/2017 11:29:22 PM
2838ec9d-6ad2-41f5-9ed6-131ff888366c,ETH-OMG,12/3/2017 11:31:38 PM,LIMIT_SELL,0.02100000,0.31000000,0.00000000,0.00001627,0.00651000,0.02100000,False,,0.00000000,False,12/4/2017 2:20:36 PM
e1a04740-e9d3-45c9-a725-53ead95816f7,ETH-SALT,12/4/2017 8:08:29 PM,LIMIT_BUY,0.01400000,7.12500000,0.00000000,0.00024930,0.09972007,0.01399580,,,,,12/4/2017 8:08:29 PM
4fcb30d9-84be-4c28-b04e-02e5be34d4c6,ETH-LTC,12/3/2017 11:18:39 PM,LIMIT_SELL,0.22000000,0.38000000,0.00000000,0.00020900,0.08360000,0.22000000,False,,0.00000000,False,12/4/2017 8:49:59 PM
eed15475-6455-40df-8299-3f76bdd48b68,ETH-SC,12/4/2017 9:09:33 PM,LIMIT_BUY,0.00002263,4407.86566505,0.00000000,0.00024882,0.09953466,0.00002258,False,,0.00000000,False,12/4/2017 9:09:33 PM
4af31241-a90e-42dd-880d-1e59beaf7288,ETH-TIX,12/4/2017 9:21:03 PM,LIMIT_BUY,0.00177085,56.32888161,42.26095034,0.00006228,0.02491219,0.00044226,,,,,12/4/2017 9:38:18 PM
311d563c-83f1-48f9-ab94-03059089a666,ETH-TIX,12/4/2017 9:39:15 PM,LIMIT_BUY,0.00178856,44.61689851,0.00000000,0.00019949,0.07979999,0.00178856,,,,,12/4/2017 9:41:34 PM
1edd04c2-3b7a-42dd-908e-a5bb7639f912,ETH-STORJ,12/4/2017 10:46:19 PM,LIMIT_BUY,0.00244900,20.36545529,0.00000000,0.00012468,0.04987500,0.00244900,,,,,12/4/2017 10:46:19 PM
84d81008-227f-457d-8a73-06011c495473,ETH-XMR,12/4/2017 8:49:09 PM,LIMIT_SELL,0.44690201,1.90000000,0.00000000,0.00212278,0.84911381,0.44690201,False,,0.00000000,False,12/4/2017 11:59:59 PM
5626b218-f987-48c8-b4f7-9b3312b37beb,ETH-NEO,12/5/2017 12:23:55 AM,LIMIT_BUY,0.08927938,5.58637630,0.00000000,0.00124686,0.49874698,0.08927916,False,,0.00000000,False,12/5/2017 12:23:55 AM
c8ee968b-9561-4c11-90a7-db92f61f2257,ETH-STRAT,12/5/2017 1:16:57 PM,LIMIT_BUY,0.01647973,15.13222607,0.00000000,0.00062340,0.24936553,0.01647910,False,,0.00000000,False,12/5/2017 1:16:57 PM
52214747-1a2f-4947-b1aa-e6b60e52e4c7,ETH-XLM,12/4/2017 8:26:28 PM,LIMIT_SELL,0.00025308,400.00000000,0.00000000,0.00025308,0.10123200,0.00025308,False,,0.00000000,False,12/5/2017 5:02:08 PM
94bd9f87-e6c8-407b-ae80-56c13027dbed,ETH-SALT,12/6/2017 2:34:10 AM,LIMIT_BUY,0.01321014,15.10203525,0.00000000,0.00049874,0.19949999,0.01321014,,,,,12/6/2017 2:34:31 AM
6f0807dc-8525-44c6-ad36-c55e752dc1ed,ETH-SALT,12/6/2017 3:30:54 PM,LIMIT_SELL,0.01467792,20.00433173,0.00000000,0.00073404,0.29362197,0.01467792,,,,,12/6/2017 3:57:49 PM
0201157a-3c37-4c10-b9b0-6c15467bd44a,ETH-MCO,12/6/2017 4:26:35 PM,LIMIT_BUY,0.02723297,0.91570989,0.00000000,0.00006234,0.02493749,0.02723296,False,,0.00000000,False,12/6/2017 4:28:48 PM
a5271a28-e4f3-4354-848e-565999bb044b,ETH-MCO,12/6/2017 4:29:23 PM,LIMIT_BUY,0.02723297,9.15709891,0.00000000,0.00062343,0.24937499,0.02723297,False,,0.00000000,False,12/6/2017 4:29:35 PM
14b6efec-6d65-4d66-b004-834866daa8e3,ETH-STRAT,12/6/2017 3:43:02 PM,LIMIT_SELL,0.01831011,13.61900346,0.00000000,0.00062340,0.24936544,0.01831011,False,,0.00000000,False,12/6/2017 6:43:51 PM
906afcbc-fe56-4206-b48c-5186d250456a,ETH-OMG,12/6/2017 9:03:21 PM,LIMIT_BUY,0.02111792,14.17042966,0.00000000,0.00074810,0.29924998,0.02111792,False,,0.00000000,False,12/6/2017 9:37:12 PM
0471439f-a910-4ef1-8d8c-18c577dcbac3,ETH-SALT,12/7/2017 1:19:09 AM,LIMIT_SELL,0.01723051,2.22270352,0.00000000,0.00009574,0.03829978,0.01723117,,,,,12/7/2017 1:19:09 AM
0a7a4f74-8998-4288-b4a6-2da63e62586c,ETH-XLM,12/7/2017 1:19:14 AM,LIMIT_SELL,0.00035638,104.14434449,0.00000000,0.00009372,0.03749196,0.00036000,False,,0.00000000,False,12/7/2017 1:19:15 AM
3059ae94-c6b9-42dd-bca7-c39f8c8b30d4,ETH-TIX,12/6/2017 3:39:09 PM,LIMIT_SELL,0.00198728,52.81634680,0.00000000,0.00026240,0.10496086,0.00198728,,,,,12/7/2017 1:24:13 AM
aa17182e-a09c-403c-8a18-6de0658ec6c1,ETH-NEO,12/7/2017 1:31:19 AM,LIMIT_BUY,0.08260000,1.21164462,0.00000000,0.00025019,0.10008184,0.08260000,False,,0.00000000,False,12/7/2017 1:33:15 AM
594aaed0-765f-4edb-9932-7ab805353e25,ETH-DASH,12/7/2017 1:36:19 AM,LIMIT_BUY,1.61800000,0.06157407,0.00000000,0.00024906,0.09962684,1.61799991,False,,0.00000000,False,12/7/2017 1:36:59 AM
365cd5f0-8555-408b-9dce-942038846600,ETH-MCO,12/6/2017 4:31:11 PM,LIMIT_SELL,0.03025884,9.00000000,4.18486387,0.00036425,0.14570043,0.03025884,False,,0.00000000,False,12/7/2017 12:16:53 PM
a8ccb351-3a44-407c-ae0c-2e72b8059a4e,BTC-ETH,12/7/2017 12:22:26 PM,LIMIT_SELL,0.02848000,0.03836695,0.00000000,0.00000273,0.00109269,0.02847998,False,,0.00000000,False,12/7/2017 12:22:36 PM
a1e6ea57-667a-416d-bdcf-0b51f792f8a4,BTC-STRAT,12/7/2017 12:26:49 PM,LIMIT_SELL,0.00065694,1.36190035,0.00000000,0.00000223,0.00089468,0.00065693,False,,0.00000000,False,12/7/2017 12:26:51 PM
603351d8-9e37-4bd6-9ce2-86d7bc27ac80,BTC-XMR,12/7/2017 12:31:45 PM,LIMIT_BUY,0.01734016,0.17257626,0.00000000,0.00000748,0.00299249,0.01734010,False,,0.00000000,False,12/7/2017 12:31:45 PM
30f5d675-bc2b-4c42-b515-cfe3262fa372,BTC-MCO,12/7/2017 12:43:49 PM,LIMIT_SELL,0.00077000,4.99478904,0.00000000,0.00000961,0.00384598,0.00077000,False,,0.00000000,False,12/7/2017 12:46:37 PM
0b0eefeb-8aef-477f-8575-13f35318f898,BTC-OMG,12/7/2017 12:52:49 PM,LIMIT_SELL,0.00058988,13.57172819,0.00000000,0.00002001,0.00800569,0.00058988,False,,0.00000000,False,12/7/2017 12:52:49 PM
58d1cd0d-7d31-49cc-8418-c8161d4f2003,BTC-STORJ,12/7/2017 12:35:07 PM,LIMIT_SELL,0.00006843,19.34718253,0.00000000,0.00000330,0.00132392,0.00006843,False,,0.00000000,False,12/7/2017 12:53:00 PM
b4ebc2a6-b1be-4b5a-84ce-e4a1dc5a15d8,BTC-NEO,12/7/2017 12:53:41 PM,LIMIT_SELL,0.00236474,6.45811987,0.00000000,0.00003817,0.01527177,0.00236474,False,,0.00000000,False,12/7/2017 12:53:42 PM
23b38292-6d38-4477-9eb1-18857898ef5c,BTC-XMR,12/7/2017 12:55:50 PM,LIMIT_BUY,0.01753670,0.56880713,0.00000000,0.00002493,0.00997499,0.01753668,False,,0.00000000,False,12/7/2017 12:56:49 PM
40e40bc1-fb1d-46bb-909f-f7ac473792ca,BTC-DASH,12/7/2017 1:08:11 PM,LIMIT_BUY,0.04556674,0.21890967,0.00000000,0.00002493,0.00997493,0.04556642,False,,0.00000000,False,12/7/2017 1:08:11 PM
e775794b-ef68-4c42-a78d-fda642808eb2,BTC-SC,12/7/2017 1:21:29 PM,LIMIT_SELL,0.00000056,4407.86566505,0.00000000,0.00000617,0.00246840,0.00000056,False,,0.00000000,False,12/7/2017 1:21:29 PM
9cd64e4f-3170-4ee3-8419-4cd1afef3101,BTC-LTC,12/7/2017 1:29:22 PM,LIMIT_BUY,0.00638795,1.56103775,0.00000000,0.00002492,0.00997179,0.00638792,False,,0.00000000,False,12/7/2017 1:29:22 PM
c4a6c4b1-e646-4cb9-b6cf-9a7e49b4d71b,BTC-ETH,12/8/2017 12:17:21 PM,LIMIT_SELL,0.02974892,0.10000000,0.00000000,0.00000743,0.00297489,0.02974890,False,,0.00000000,False,12/8/2017 12:17:24 PM
a9d9d6e7-609e-4715-be9a-b441a2ec9443,BTC-DASH,12/8/2017 12:17:12 PM,LIMIT_SELL,0.04806353,0.52064018,0.00000000,0.00006255,0.02502380,0.04806352,False,,0.00000000,False,12/8/2017 12:17:45 PM
40095d2a-18a0-499f-97ac-a5266082dab4,USDT-LTC,12/8/2017 12:20:00 PM,LIMIT_SELL,95.34594008,1.68598083,0.00000000,0.40187856,160.75142719,95.34594008,False,,0.00000000,False,12/8/2017 12:22:07 PM
5cecdd71-c8c5-4c94-8795-5ab5ca5d5b81,USDT-NEO,12/8/2017 12:20:08 PM,LIMIT_SELL,35.43990000,0.33990105,0.00000000,0.03011514,12.04605922,35.43989999,False,,0.00000000,False,12/8/2017 12:24:24 PM
a6a17f42-5d91-4c8c-8103-b07a0b091514,USDT-XMR,12/8/2017 12:32:25 PM,LIMIT_BUY,244.95775155,0.50900617,0.00000000,0.31171251,124.68500692,244.95775153,False,,0.00000000,False,12/8/2017 12:35:57 PM
3aa6dd01-d713-4083-bdaf-f0a58878e84d,BTC-OMG,12/8/2017 12:41:36 PM,LIMIT_BUY,0.00055300,0.91993671,0.00000000,0.00000127,0.00050871,0.00055298,False,,0.00000000,False,12/8/2017 12:41:37 PM
f3b0026f-9dc3-47a0-8b2a-859e0d53fbdd,BTC-MCO,12/8/2017 12:42:09 PM,LIMIT_BUY,0.00067989,0.74824604,0.00000000,0.00000127,0.00050872,0.00067988,False,,0.00000000,False,12/8/2017 12:42:23 PM
734e59de-ce01-4166-8fd9-cf1f5ab5f007,BTC-STORJ,12/8/2017 12:44:22 PM,LIMIT_BUY,0.00005970,8.35427136,0.00000000,0.00000124,0.00049875,0.00005970,False,,0.00000000,False,12/8/2017 12:44:22 PM
c847fac6-7f77-4ca8-9f0f-c25a2169726e,BTC-MCO,12/8/2017 12:43:49 PM,LIMIT_SELL,0.00068000,1.01112967,0.00000000,0.00000171,0.00068756,0.00067999,False,,0.00000000,False,12/8/2017 12:46:32 PM
a6a40899-d11a-41e2-a339-caf0784f2f1b,BTC-STRAT,12/8/2017 12:46:52 PM,LIMIT_BUY,0.00056178,0.90555912,0.00000000,0.00000127,0.00050864,0.00056169,False,,0.00000000,False,12/8/2017 12:46:52 PM
41cfb291-57aa-4f86-baeb-6fb12c89ddf3,BTC-TIX,12/8/2017 12:48:58 PM,LIMIT_BUY,0.00004660,10.70278970,0.00000000,0.00000124,0.00049875,0.00004660,False,,0.00000000,False,12/8/2017 12:49:22 PM
b744b0d2-b0e2-4547-8ebe-2de426529f20,USDT-XMR,12/8/2017 12:59:18 PM,LIMIT_BUY,247.94504102,0.19439023,0.00000000,0.12049522,48.19809353,247.94504091,False,,0.00000000,False,12/8/2017 12:59:24 PM
43b7d90a-2f9f-4c84-ae2f-fc41298a5724,BTC-TIX,12/8/2017 12:49:50 PM,LIMIT_SELL,0.00004860,16.57127268,0.00000000,0.00000201,0.00080536,0.00004860,False,,0.00000000,False,12/8/2017 1:15:50 PM
a71a8d74-af06-4996-97f6-b2f1a1c37b98,BTC-STORJ,12/8/2017 12:46:18 PM,LIMIT_SELL,0.00006100,9.37254412,0.00000000,0.00000142,0.00057172,0.00006100,False,,0.00000000,False,12/8/2017 1:21:20 PM
9316695f-1bfe-4cbf-9685-381f3cd554bf,BTC-XLM,12/8/2017 1:22:14 PM,LIMIT_BUY,0.00000869,573.93555811,0.00000000,0.00001246,0.00498749,0.00000869,False,,0.00000000,False,12/8/2017 1:22:14 PM
b1f63962-6cce-435d-89ba-167b2e1e197b,BTC-VTC,12/8/2017 1:23:20 PM,LIMIT_BUY,0.00053192,9.37640999,0.00000000,0.00001246,0.00498750,0.00053192,False,,0.00000000,False,12/8/2017 1:23:20 PM
d7f22a70-8843-4347-b8f2-463abc6bf8b1,BTC-VTC,12/8/2017 1:24:09 PM,LIMIT_SELL,0.00058511,9.37640999,0.00000000,0.00001370,0.00548622,0.00058511,False,,0.00000000,False,12/8/2017 5:58:47 PM
55d343d3-d868-4750-846d-c52a66967694,BTC-ETH,12/8/2017 7:29:34 PM,LIMIT_BUY,0.02931098,0.17015808,0.00000000,0.00001246,0.00498749,0.02931092,False,,0.00000000,False,12/8/2017 7:29:35 PM
5844be50-1b3a-4934-94c2-538a5ac4059f,BTC-XMR,12/8/2017 7:31:38 PM,LIMIT_BUY,0.01721995,0.28963499,0.00000000,0.00001246,0.00498750,0.01721995,False,,0.00000000,False,12/8/2017 7:31:38 PM
cb45753f-c99a-4641-a224-70e55569d6dc,BTC-XLM,12/8/2017 7:34:34 PM,LIMIT_BUY,0.00000897,556.02006689,0.00000000,0.00001244,0.00498147,0.00000896,False,,0.00000000,False,12/8/2017 7:34:34 PM
5370f3bf-c4fa-47c4-bfcd-53f9f2d32eb4,BTC-STRAT,12/8/2017 1:20:42 PM,LIMIT_SELL,0.00060000,1.05688138,0.00000000,0.00000158,0.00063412,0.00059999,False,,0.00000000,False,12/8/2017 8:42:18 PM
746ed74f-a11c-41b2-8109-2febfa31dd64,BTC-VTC,12/9/2017 1:43:09 AM,LIMIT_BUY,0.00054000,9.23611111,0.00000000,0.00001246,0.00498749,0.00054000,False,,0.00000000,False,12/9/2017 1:43:09 AM
95e88fbc-faa7-4ccf-a31b-c4027a4bb2eb,BTC-OMG,12/9/2017 1:58:58 AM,LIMIT_SELL,0.00055500,1.63423819,0.00000000,0.00000226,0.00090700,0.00055500,False,,0.00000000,False,12/9/2017 2:55:26 AM
979b6b8b-9f71-4ad5-93df-b491b52040e1,BTC-DASH,12/9/2017 12:37:11 PM,LIMIT_BUY,0.05000000,0.03990000,0.00000000,0.00000497,0.00199499,0.04999975,False,,0.00000000,False,12/9/2017 12:37:11 PM
50796775-05d0-4a5f-8a4d-1e596005a318,BTC-SALT,12/9/2017 12:47:39 PM,LIMIT_BUY,0.00052188,1.91091954,0.00000000,0.00000249,0.00099725,0.00052187,False,,0.00000000,False,12/9/2017 12:47:39 PM
30a07412-4f63-4741-8555-9a05670024e4,BTC-BCH,12/9/2017 12:48:20 PM,LIMIT_BUY,0.09541001,0.01045488,0.00000000,0.00000249,0.00099750,0.09540999,False,,0.00000000,False,12/9/2017 12:48:20 PM
e073645b-59da-4c7f-8fd5-5a71d5ccdf19,BTC-VTC,12/12/2017 1:44:48 AM,LIMIT_BUY,0.00050150,1.59122632,0.00000000,0.00000199,0.00079752,0.00050120,False,,0.00000000,False,12/12/2017 1:44:48 AM
5bf37051-7584-4d86-8efd-f2e7b3357408,BTC-MCO,12/12/2017 1:47:08 AM,LIMIT_BUY,0.00093303,0.85527797,0.00000000,0.00000199,0.00079800,0.00093303,False,,0.00000000,False,12/12/2017 1:47:15 AM
9daf5e26-c72d-4e4a-8196-45de1543fe7a,BTC-ETH,12/12/2017 12:20:32 PM,LIMIT_SELL,0.03189499,0.10000000,0.00000000,0.00000797,0.00318949,0.03189490,False,,0.00000000,False,12/12/2017 12:20:37 PM
47caa7c9-43a2-42e4-af59-04a4ff94faf6,USDT-BCH,12/12/2017 1:22:16 PM,LIMIT_SELL,1490.10000000,0.01045488,0.00000000,0.03894704,15.57881668,1490.09999923,False,,0.00000000,False,12/12/2017 1:22:16 PM
42033188-327f-4a58-b250-de941b7fda4f,USDT-DASH,12/12/2017 1:21:02 PM,LIMIT_SELL,793.98407007,0.03990000,0.00000000,0.07919991,31.67996439,793.98406992,False,,0.00000000,False,12/12/2017 1:25:58 PM
5eddf433-7c29-48f0-b96f-18749ee937a6,USDT-ETH,12/12/2017 1:23:30 PM,LIMIT_SELL,550.00000000,0.03500000,0.00000000,0.04812500,19.25000000,550.00000000,False,,0.00000000,False,12/12/2017 1:28:57 PM
c4442a29-14b8-45cc-b690-0e6cedf93190,USDT-BTC,12/12/2017 5:00:51 PM,LIMIT_BUY,16398.00000000,0.00403567,0.00000000,0.16544229,66.17691665,16397.99999752,False,,0.00000000,False,12/12/2017 5:00:51 PM
2c9a565a-49bc-493b-9bc5-e19ad88834d2,BTC-MCO,12/12/2017 12:19:20 PM,LIMIT_SELL,0.00100000,0.85527797,0.00000000,0.00000213,0.00085527,0.00099999,False,,0.00000000,False,12/12/2017 6:39:13 PM
ba9d9338-c361-4e9c-a237-f2f7fdaf19d4,USDT-XMR,12/12/2017 6:39:21 PM,LIMIT_SELL,284.13220005,1.00000000,0.00000000,0.71033050,284.13220005,284.13220005,False,,0.00000000,False,12/12/2017 6:40:04 PM
d51a8396-f150-45be-b02b-a778460aa1ab,USDT-BTC,12/12/2017 6:40:39 PM,LIMIT_BUY,16600.00000000,0.01703095,0.00000000,0.70678442,282.71376999,16599.99999941,False,,0.00000000,False,12/12/2017 6:40:40 PM
0c077474-8954-4ee5-916d-e38077c39bfc,BTC-XLM,12/12/2017 12:31:44 AM,LIMIT_SELL,0.00000904,550.00000000,0.00000000,0.00001243,0.00497200,0.00000904,False,,0.00000000,False,12/12/2017 9:19:01 PM
8c09da8b-4117-4e52-9c5a-c383762076dd,BTC-SALT,12/13/2017 1:08:10 AM,LIMIT_BUY,0.00043568,11.44762211,0.00000000,0.00001246,0.00498749,0.00043568,False,,0.00000000,False,12/13/2017 1:08:10 AM
450b56df-2c59-4bba-8221-48815148e4cb,BTC-VTC,12/13/2017 1:09:11 AM,LIMIT_BUY,0.00048307,52.64595493,0.00000000,0.00006357,0.02543167,0.00048307,False,,0.00000000,False,12/13/2017 1:09:11 AM
f448ad23-b39b-40de-af3a-fff9c701a72b,BTC-XLM,12/13/2017 7:04:02 PM,LIMIT_SELL,0.00000950,579.95562500,0.00000000,0.00001377,0.00550957,0.00000950,False,,0.00000000,False,12/14/2017 5:22:55 AM
e82d9d14-4154-4e88-abc3-45de9257e2d6,BTC-SALT,12/14/2017 11:35:41 AM,LIMIT_SELL,0.00048995,13.35854165,0.00000000,0.00001636,0.00654501,0.00048995,False,,0.00000000,False,12/14/2017 11:35:46 AM
4a3454f5-bf5e-485f-879f-456a840c226b,BTC-ETH,12/14/2017 4:10:02 PM,LIMIT_BUY,0.04186839,0.09529863,0.00000000,0.00000997,0.00399000,0.04186839,False,,0.00000000,False,12/14/2017 4:10:04 PM
61d87a9d-883c-493a-991b-ffc37d0a5e47,BTC-LTC,12/14/2017 4:10:35 PM,LIMIT_BUY,0.01708507,0.23353723,0.00000000,0.00000996,0.00398517,0.01706439,False,,0.00000000,False,12/14/2017 4:10:35 PM
ad9b949f-1e32-46b8-8944-70f847fe8dc7,BTC-XMR,12/14/2017 4:23:46 PM,LIMIT_BUY,0.01873145,0.21301074,0.00000000,0.00000997,0.00399000,0.01873145,False,,0.00000000,False,12/14/2017 4:23:46 PM
4897576e-e398-4de2-9f3f-ed4c35274c6a,USDT-XMR,12/14/2017 8:37:46 PM,LIMIT_SELL,328.99671000,0.50000000,0.00000000,0.41124588,164.49835500,328.99671000,False,,0.00000000,False,12/14/2017 8:43:17 PM
fb17a53f-af0e-4f1e-b409-027b9ab7d398,USDT-LTC,12/14/2017 8:45:13 PM,LIMIT_BUY,276.80000000,0.59132462,0.36610539,0.15585170,62.34068286,276.79999998,False,,0.00000000,False,12/14/2017 8:47:03 PM
771549e5-8bf1-4774-b85e-208b23017cf4,USDT-LTC,12/14/2017 8:48:22 PM,LIMIT_BUY,279.28999999,0.36284279,0.00000000,0.25330231,101.32092807,279.24194958,False,,0.00000000,False,12/14/2017 8:48:28 PM
d53fb026-5083-40ef-8643-f8fe574500e7,USDT-LTC,12/15/2017 9:29:20 PM,LIMIT_SELL,303.00000000,0.50000000,0.00000000,0.37875000,151.50000000,303.00000000,False,,0.00000000,False,12/15/2017 9:29:20 PM
79605e61-ecc1-436a-83de-f4c1c180deb5,USDT-XMR,12/15/2017 9:30:03 PM,LIMIT_BUY,309.80549909,0.48663279,0.00000000,0.37690377,150.76151433,309.80549899,False,,0.00000000,False,12/15/2017 9:30:03 PM
f006d835-e16d-480b-a3ec-31306ceb59be,USDT-XMR,12/16/2017 11:39:26 PM,LIMIT_SELL,323.20000001,0.15508973,0.00000000,0.12531248,50.12500073,323.19999996,False,,0.00000000,False,12/16/2017 11:39:39 PM
1bcf5f1e-7865-4c89-b956-51a3fe9f44c4,USDT-ZEC,12/16/2017 11:40:14 PM,LIMIT_BUY,460.00000000,0.10842528,0.00000000,0.12468907,49.87562879,459.99999991,False,,0.00000000,False,12/16/2017 11:40:15 PM
7b89ad5d-2235-4d4a-b55f-fa0fb80290f4,USDT-XMR,12/17/2017 12:55:35 PM,LIMIT_SELL,341.00341020,0.14699266,0.00000000,0.12531258,50.12503833,341.00368229,False,,0.00000000,False,12/17/2017 12:55:35 PM
43226867-9c3b-4fa9-969c-ac60d44f059f,USDT-ETC,12/17/2017 1:13:24 PM,LIMIT_BUY,33.92999999,1.46993929,0.00000000,0.12468760,49.87504009,33.92999999,False,,0.00000000,False,12/17/2017 1:13:24 PM
61932083-a690-4207-bde7-c29ecde70dd3,USDT-ZEC,12/17/2017 3:28:25 PM,LIMIT_SELL,511.05011002,0.10842528,0.00000000,0.13852687,55.41075127,511.05010999,False,,0.00000000,False,12/17/2017 3:29:03 PM
edf815c5-223d-4000-9ca0-0c1728d503ca,USDT-ETC,12/17/2017 3:30:04 PM,LIMIT_BUY,33.75000000,1.63361053,0.00000000,0.13783588,55.13435538,33.75000000,False,,0.00000000,False,12/17/2017 3:30:04 PM
f647fb4a-eb2f-49eb-8876-edacaed8e33a,USDT-XMR,12/18/2017 12:12:14 AM,LIMIT_SELL,343.21000000,0.29057971,0.00000000,0.24932465,99.72986226,343.20999997,False,,0.00000000,False,12/18/2017 12:12:14 AM
aab6d353-a416-45a0-b8ba-ed5b1423f78a,USDT-BTC,12/18/2017 12:12:39 AM,LIMIT_BUY,18758.00000001,0.00529013,0.00000000,0.24808064,99.23225854,18758.00000000,False,,0.00000000,False,12/18/2017 12:12:39 AM
652c3427-2483-43b5-8c79-0016c2c65bb1,USDT-ETC,12/18/2017 12:11:05 PM,LIMIT_SELL,35.48999973,3.10354982,0.00000000,0.27536245,110.14498227,35.48999973,False,,0.00000000,False,12/18/2017 12:11:56 PM
87f67f22-f131-49c3-b6a0-516c6991de9d,USDT-BTC,12/18/2017 12:12:19 PM,LIMIT_BUY,19154.99999999,0.00572151,0.00000000,0.27398881,109.59552404,19154.99999825,False,,0.00000000,False,12/18/2017 12:12:20 PM
d956811e-9c4a-41c0-ad5a-bed08b0aa735,USDT-ETH,12/18/2017 12:14:41 PM,LIMIT_SELL,733.00589777,0.06838281,0.00000000,0.12531250,50.12500303,733.00589768,False,,0.00000000,False,12/18/2017 12:20:18 PM
b91b462c-d01e-4c95-a998-000c675b6fa8,USDT-XRP,12/18/2017 12:54:17 PM,LIMIT_BUY,0.72699994,68.60432563,0.00000000,0.12468828,49.87531523,0.72699957,False,,0.00000000,False,12/18/2017 12:54:17 PM
112766d4-c726-4672-8c3a-c7c72128961d,BTC-VTC,12/18/2017 12:10:01 PM,LIMIT_SELL,0.00050000,20.00000000,0.00000000,0.00002500,0.01000000,0.00050000,False,,0.00000000,False,12/18/2017 1:15:20 PM
875480fd-bc86-4ca0-913e-04ce0c112025,USDT-ETH,12/19/2017 7:03:23 PM,LIMIT_SELL,830.01000000,0.06039084,0.00000000,0.12531249,50.12500110,830.00999986,False,,0.00000000,False,12/19/2017 7:23:54 PM
5095ebb3-b9dc-4005-9a6a-7da05345db05,USDT-BTC,12/19/2017 11:14:28 PM,LIMIT_BUY,16950.10000000,0.00294248,0.00000000,0.12468832,49.87533024,16950.09999728,False,,0.00000000,False,12/19/2017 11:14:38 PM
ca427996-2fff-4534-a522-7e42825cd091,USDT-XMR,12/20/2017 11:58:14 AM,LIMIT_SELL,420.00000000,0.11934524,0.00000000,0.12531249,50.12500080,420.00000000,False,,0.00000000,False,12/20/2017 11:59:42 AM
67889bbc-5da9-49ec-bdd2-b45a217999cd,USDT-LTC,12/20/2017 12:33:56 PM,LIMIT_BUY,328.59000000,0.15178398,0.00000000,0.12468674,49.87469798,328.58999995,False,,0.00000000,False,12/20/2017 12:33:56 PM
b2536520-6f20-4710-9cb4-efa4147c4972,USDT-XMR,12/20/2017 8:54:27 PM,LIMIT_SELL,468.00000010,0.10710470,0.00000000,0.12562146,50.24858988,469.15392023,False,,0.00000000,False,12/20/2017 8:54:27 PM
14c4093d-582d-4fad-a3bc-de01d2bdab8c,USDT-BTC,12/20/2017 8:54:50 PM,LIMIT_BUY,16799.99999997,0.00297607,0.00000000,0.12499493,49.99797599,16799.99999664,False,,0.00000000,False,12/20/2017 8:54:52 PM
a79b3936-9c2b-4b12-ac3a-9afcf8cc52cf,BTC-VTC,12/20/2017 8:57:35 PM,LIMIT_SELL,0.00060000,33.00000000,0.00000000,0.00004950,0.01980000,0.00060000,False,,0.00000000,False,12/21/2017 12:54:54 PM
ab05b2d0-a74c-4642-8f12-450f21166c5c,USDT-XRP,12/21/2017 4:56:09 PM,LIMIT_SELL,0.98570957,68.60432563,0.00000000,0.16905985,67.62394031,0.98570957,False,,0.00000000,False,12/21/2017 4:56:15 PM
889fa03e-5f4c-423d-bcda-9eb36423daec,USDT-XMR,12/21/2017 4:56:31 PM,LIMIT_BUY,397.99999999,0.16906169,0.00000000,0.16821638,67.28655261,397.99999994,False,,0.00000000,False,12/21/2017 4:57:02 PM
9cd4d814-67f2-47cf-88ad-272c7056b579,BTC-VTC,12/21/2017 5:46:26 PM,LIMIT_SELL,0.00055210,10.47329236,0.00000000,0.00001444,0.00578230,0.00055210,False,,0.00000000,False,12/21/2017 5:46:35 PM
83313d4e-4792-4b72-8952-5778006104c2,USDT-LTC,12/22/2017 3:47:43 AM,LIMIT_SELL,251.64271964,0.19919114,0.00000000,0.12534102,50.13640993,251.69999996,False,,0.00000000,False,12/22/2017 3:47:43 AM
7822a666-2700-4668-a050-4c37dc6fc925,USDT-XMR,12/22/2017 3:50:00 AM,LIMIT_BUY,341.00400035,0.14629289,0.00000000,0.12471615,49.88646070,341.00400026,False,,0.00000000,False,12/22/2017 3:50:04 AM
68d3e706-3e6f-4b5e-bc82-463eb5462471,USDT-BTC,12/22/2017 3:48:58 AM,LIMIT_SELL,13199.70799998,0.00379743,0.00000000,0.12531241,50.12496713,13199.70799462,False,,0.00000000,False,12/22/2017 3:50:36 AM
88623f14-b710-4f36-8dcb-1f377bef4d9d,USDT-XMR,12/22/2017 3:50:53 AM,LIMIT_BUY,341.00400035,0.14625919,0.00000000,0.12468742,49.87496887,341.00400030,False,,0.00000000,False,12/22/2017 3:51:46 AM
929ad7f5-a416-4d35-8c93-fd70f1a67350,USDT-BTC,12/26/2017 2:42:50 AM,LIMIT_SELL,13752.20200001,0.00728974,0.00000000,0.25062494,100.24997700,13752.20199897,False,,0.00000000,False,12/26/2017 2:42:50 AM
0c9b03fc-9a7a-4663-a16f-8e89d9b24989,USDT-LTC,12/26/2017 2:43:08 AM,LIMIT_BUY,262.99999999,0.37927629,0.00000000,0.24937416,99.74966426,262.99999997,False,,0.00000000,False,12/26/2017 2:43:09 AM
b804894a-5ec1-4970-8ce3-0c33f8c3d43f,USDT-BTC,12/26/2017 2:09:24 PM,LIMIT_SELL,15202.43268290,0.00659434,0.00000000,0.25062502,100.25000993,15202.43268166,False,,0.00000000,False,12/26/2017 2:09:24 PM
09a1caa2-7ded-4f78-90f7-c4550ebe3e00,USDT-ZEC,12/26/2017 2:09:39 PM,LIMIT_BUY,536.00000000,0.18610076,0.00000000,0.24937500,99.75000736,536.00000000,False,,0.00000000,False,12/26/2017 2:09:57 PM
5cb9d4df-32c1-489e-ad6d-48ce018184cc,USDT-ETH,12/27/2017 2:57:01 AM,LIMIT_SELL,752.20000000,0.07996543,0.00000000,0.15037499,60.14999644,752.19999992,False,,0.00000000,False,12/27/2017 2:57:01 AM
215918b4-2f24-4255-8177-382b9f31e166,USDT-NEO,12/27/2017 2:57:13 AM,LIMIT_BUY,64.47999994,0.92819864,0.00000000,0.14962560,59.85024824,64.47999993,False,,0.00000000,False,12/27/2017 2:58:20 AM
6492cbf7-cce1-4cdd-ae65-877ad4f299e8,USDT-BTC,12/27/2017 1:12:07 PM,LIMIT_SELL,15610.14000000,0.00642211,0.00000000,0.25062509,100.25003619,15610.13999916,False,,0.00000000,False,12/27/2017 1:12:07 PM
d320f1e4-33f2-43b3-af00-8899e2f57786,USDT-DASH,12/27/2017 1:12:19 PM,LIMIT_BUY,1189.81441302,0.08383642,0.00000000,0.24937445,99.74978084,1189.81441288,False,,0.00000000,False,12/27/2017 1:12:19 PM
67ba4286-b0c6-4692-bad4-9754fab516be,ETH-XLM,12/27/2017 2:44:50 PM,LIMIT_BUY,0.00029549,260.00000000,0.00000000,0.00019203,0.07681440,0.00029544,False,,0.00000000,False,12/27/2017 2:44:50 PM
3df87b73-3552-417a-8754-3bdc009f5c33,BTC-XMR,12/27/2017 2:47:44 PM,LIMIT_BUY,0.02424251,0.29214178,0.00000000,0.00001770,0.00708225,0.02424251,False,,0.00000000,False,12/27/2017 2:47:44 PM
9ba19337-82ce-47c1-bc9e-1155c0931763,ETH-XMR,12/27/2017 2:50:32 PM,LIMIT_BUY,0.50273225,0.16000000,0.00000000,0.00020108,0.08043231,0.50270194,False,,0.00000000,False,12/27/2017 2:50:32 PM
ce8706cc-6031-4c79-9706-18621c6a8257,USDT-DASH,12/29/2017 12:15:20 AM,LIMIT_SELL,1092.83564575,0.02293346,0.00000000,0.06265625,25.06250256,1092.83564538,False,,0.00000000,False,12/29/2017 12:15:58 AM
e7507d2d-9671-4318-b873-a2fc8212e5a4,ETH-SALT,12/29/2017 12:17:28 AM,LIMIT_BUY,0.02307000,3.10000000,0.00000000,0.00017878,0.07151699,0.02307000,,,,,12/29/2017 12:17:39 AM
4d40219d-06c5-44df-8512-5af631ec1d58,USDT-ZEC,12/29/2017 12:19:50 AM,LIMIT_SELL,475.09200001,0.05254193,0.00000000,0.06240562,24.96225060,475.09199986,False,,0.00000000,False,12/29/2017 12:19:50 AM
9912bba0-8940-4197-8aca-b10ecd35dad0,USDT-XRP,12/29/2017 12:21:53 AM,LIMIT_BUY,1.27500000,19.55882353,0.00000000,0.06234375,24.93750000,1.27500000,False,,0.00000000,False,12/29/2017 12:21:53 AM
379d1fcc-5585-4914-be55-dea35238e9e2,USDT-ETH,12/29/2017 12:22:19 AM,LIMIT_BUY,714.03083555,0.03478593,0.00000000,0.06183199,24.73279623,711.00000000,False,,0.00000000,False,12/29/2017 12:22:19 AM
369cb99d-333a-4f6f-85ab-841320c360f2,ETH-XLM,12/29/2017 12:46:31 PM,LIMIT_SELL,0.00035109,63.00000000,0.00000000,0.00005529,0.02211993,0.00035111,False,,0.00000000,False,12/29/2017 12:46:32 PM
d2e8ca01-14d4-45de-bdcf-9158d86ac592,USDT-DASH,12/29/2017 12:47:20 PM,LIMIT_SELL,1044.37530133,0.01439856,0.00000000,0.03759375,15.03750043,1044.37530072,False,,0.00000000,False,12/29/2017 12:47:21 PM
34b45044-9737-4e89-b298-73e753d2b64b,USDT-ZEC,12/29/2017 12:49:08 PM,LIMIT_SELL,465.00000000,0.02587097,0.00000000,0.03007500,12.03000105,465.00000000,False,,0.00000000,False,12/29/2017 12:49:08 PM
8243950b-c6da-49a1-9b54-a1a3f6b1aae0,USDT-XRP,12/29/2017 12:51:35 PM,LIMIT_BUY,1.61704060,12.33735257,0.00000000,0.04971953,19.88781357,1.61200010,False,,0.00000000,False,12/29/2017 12:51:35 PM
c74f8928-db2f-4bf3-af88-b0bbcca6f1c2,USDT-XMR,12/29/2017 5:49:08 PM,LIMIT_SELL,361.45900000,0.04437571,0.00000000,0.04009999,16.03999976,361.45899998,False,,0.00000000,False,12/29/2017 5:49:09 PM
c9fcd7e4-b22a-449f-a65d-26f50e72da4a,USDT-NEO,12/29/2017 5:49:25 PM,LIMIT_BUY,70.00000001,0.17100000,0.00000000,0.02992500,11.97000000,70.00000000,False,,0.00000000,False,12/29/2017 5:49:25 PM
7e17f221-40b3-4f00-8571-4299b558f136,USDT-NEO,12/29/2017 5:50:00 PM,LIMIT_SELL,70.00000000,0.34371429,0.00000000,0.06015000,24.06000030,70.00000000,False,,0.00000000,False,12/29/2017 5:50:00 PM
47c5ecc8-c4bc-4a66-8113-82f34a9cfeb3,USDT-ETH,12/29/2017 5:50:32 PM,LIMIT_BUY,741.18382684,0.03229968,0.00000000,0.05985000,23.94000042,741.18382659,False,,0.00000000,False,12/29/2017 5:50:41 PM
e84a4cb5-f033-4630-9c01-31a3fce594bb,USDT-XMR,12/29/2017 10:55:47 PM,LIMIT_BUY,350.00000000,0.03182915,0.00000000,0.02785050,11.14020250,350.00000000,False,,0.00000000,False,12/29/2017 10:55:47 PM
833f43d7-62fe-44e8-81ac-83077e4d9aeb,USDT-XRP,12/30/2017 3:49:34 PM,LIMIT_SELL,2.03999998,10.31985304,0.00000000,0.05263124,21.05249998,2.03999998,False,,0.00000000,False,12/30/2017 3:49:55 PM
c0c46e8d-13eb-420a-a0e2-876768607fc2,USDT-XMR,12/30/2017 3:51:17 PM,LIMIT_BUY,298.51499998,0.04009849,0.00000000,0.02992500,11.97000074,298.51499994,False,,0.00000000,False,12/30/2017 3:51:17 PM
914b1cdc-f005-4b51-8e82-b5a6c9ca8447,USDT-BTC,12/30/2017 3:53:04 PM,LIMIT_BUY,12220.00000001,0.00073466,0.00000000,0.02244386,8.97754520,12220.00000000,False,,0.00000000,False,12/30/2017 3:53:04 PM
8ad8b1e0-914e-4f9e-a353-26e9de6b39ef,BTC-XLM,12/31/2017 4:01:23 PM,LIMIT_SELL,0.00002452,47.72261000,0.00000000,0.00000293,0.00117349,0.00002459,False,,0.00000000,False,12/31/2017 4:01:23 PM
d811f0c6-68f3-4f06-a574-3aba8cf2de4b,BTC-LTC,12/31/2017 4:01:53 PM,LIMIT_BUY,0.01647418,0.09082000,0.00000000,0.00000374,0.00149618,0.01647412,False,,0.00000000,False,12/31/2017 4:01:55 PM
91be08ce-a511-4e42-a546-4494f369b6ea,USDT-ETH,1/2/2018 12:48:55 PM,LIMIT_SELL,843.30000000,0.02377564,0.00000000,0.05012499,20.04999721,843.29999992,False,,0.00000000,False,1/2/2018 12:48:55 PM
1a1fec5f-22a5-49fb-9a4c-370b9b650d7d,ETH-SALT,1/2/2018 1:08:55 PM,LIMIT_BUY,0.01436231,1.25086000,0.00000000,0.00004491,0.01796523,0.01436230,,,,,1/2/2018 1:08:55 PM
b1bff04f-205b-4664-b922-282f05b4c576,USDT-BTC,1/2/2018 1:16:07 PM,LIMIT_BUY,13780.00000000,0.00144774,0.00000000,0.04987464,19.94985719,13779.99999309,False,,0.00000000,False,1/2/2018 1:16:07 PM
f3e91d97-56a9-4646-b1ae-cc31d3ab361b,USDT-NEO,1/2/2018 1:17:05 PM,LIMIT_SELL,90.00000000,0.15594444,0.00000000,0.03508749,14.03499960,90.00000000,False,,0.00000000,False,1/2/2018 1:17:05 PM
54f2d5ca-9b83-42ff-908f-1314d11c35c7,USDT-LTC,1/2/2018 1:17:18 PM,LIMIT_SELL,251.82328002,0.04777160,0.00000000,0.03009610,12.03844320,252.00000000,False,,0.00000000,False,1/2/2018 1:17:18 PM
e8cf679d-4d97-42da-9c9f-63caccd938fd,USDT-ETH,1/2/2018 1:23:17 PM,LIMIT_BUY,848.00000000,0.01882075,0.00000000,0.03989999,15.95999600,848.00000000,False,,0.00000000,False,1/2/2018 1:23:17 PM
346a6851-a02e-49a4-a910-a6119ad5e4a5,USDT-BTC,1/2/2018 1:23:49 PM,LIMIT_BUY,13713.99999999,0.00072798,0.00000000,0.02495879,9.98351771,13713.99998626,False,,0.00000000,False,1/2/2018 1:23:50 PM
23618310-5f1b-416b-af4a-7d3c798451b4,ETH-LTC,1/4/2018 2:25:48 PM,LIMIT_BUY,0.23591650,0.14322000,0.00000000,0.00008446,0.03378795,0.23591642,False,,0.00000000,False,1/4/2018 2:25:50 PM
88d20ad8-5cb8-4e96-ae89-4266a2b8eb97,BTC-ADA,1/4/2018 9:53:01 PM,LIMIT_BUY,0.00008048,48.16252000,0.00000000,0.00000969,0.00387611,0.00008048,False,,0.00000000,False,1/4/2018 9:53:03 PM
644d8146-c9a2-44fa-9ce6-d4b0c8ffe6fe,ETH-XMR,1/7/2018 1:35:59 AM,LIMIT_SELL,0.40467527,0.06156000,0.00000000,0.00006227,0.02491180,0.40467511,False,,0.00000000,False,1/7/2018 1:36:44 AM
d2e155f2-45ed-425c-8dfc-3065105be036,BTC-XLM,1/7/2018 2:08:11 PM,LIMIT_BUY,0.00004427,40.00000000,0.00000000,0.00000442,0.00177080,0.00004427,False,,0.00000000,False,1/7/2018 2:08:11 PM
df379f8d-a41b-4574-94df-666085a75402,BTC-ADA,1/7/2018 2:09:50 PM,LIMIT_BUY,0.00006150,20.00000000,0.00000000,0.00000307,0.00123000,0.00006150,False,,0.00000000,False,1/7/2018 2:09:50 PM
0207aeda-9a58-4f82-bfe0-a4452a083532,BTC-XMR,1/7/2018 4:16:51 PM,LIMIT_BUY,0.02523729,0.12073000,0.00000000,0.00000761,0.00304688,0.02523714,False,,0.00000000,False,1/7/2018 4:16:51 PM
74ebd510-3608-458f-b9c2-84ddffb782ee,BTC-ZEC,1/7/2018 11:51:48 PM,LIMIT_SELL,0.04649900,0.02039000,0.00000000,0.00000237,0.00094811,0.04649877,False,,0.00000000,False,1/7/2018 11:58:35 PM
766d8b8a-100c-40a8-a623-b54f1606104a,BTC-XMR,1/9/2018 12:51:03 PM,LIMIT_SELL,0.02947730,0.10097000,0.00000000,0.00000744,0.00297632,0.02947727,False,,0.00000000,False,1/9/2018 12:51:03 PM
4af11988-6cf7-4e66-a050-3b0f204873d1,BTC-DASH,1/9/2018 12:52:16 PM,LIMIT_BUY,0.07354468,0.01339000,0.00000000,0.00000246,0.00098476,0.07354444,False,,0.00000000,False,1/9/2018 12:52:16 PM
a94fb33a-2105-4f1e-b29a-5ecf310218fe,BTC-XRP,1/9/2018 12:52:29 PM,LIMIT_BUY,0.00015100,7.48582000,0.00000000,0.00000282,0.00113035,0.00015100,False,,0.00000000,False,1/9/2018 12:52:29 PM
7a847d20-dde6-44a8-83ac-4c412be545b8,ETH-NEO,1/13/2018 3:19:34 PM,LIMIT_SELL,0.10073591,0.12712000,0.00000000,0.00003201,0.01280568,0.10073694,False,,0.00000000,False,1/13/2018 3:19:34 PM
5337c00e-b568-4be7-8059-8eb911987d4c,ETH-SALT,1/13/2018 3:20:13 PM,LIMIT_BUY,0.00914629,0.86584000,0.00000000,0.00001979,0.00791921,0.00914627,,,,,1/13/2018 3:20:35 PM
adcb9e75-e582-442b-808f-f7c23f59abbf,ETH-LTC,1/13/2018 3:21:30 PM,LIMIT_BUY,0.18188473,0.03799000,0.00000000,0.00001727,0.00690980,0.18188471,False,,0.00000000,False,1/13/2018 3:21:30 PM
158cd2b2-fa27-476b-95fc-86321c846d7b,BTC-XMR,1/14/2018 12:15:53 AM,LIMIT_BUY,0.02915669,0.04585000,0.00000000,0.00000334,0.00133683,0.02915660,False,,0.00000000,False,1/14/2018 12:15:53 AM
3c7e27c8-9359-4ed0-a1b3-4319cdf2ea75,ETH-ADA,1/14/2018 6:56:43 PM,LIMIT_BUY,0.00057295,10.63982000,0.00000000,0.00001524,0.00609608,0.00057295,False,,0.00000000,False,1/14/2018 6:56:43 PM
6a2faf91-eee7-4926-ac09-0c47bef62094,BTC-NEO,1/14/2018 6:57:55 PM,LIMIT_SELL,0.01088964,0.06697000,0.00000000,0.00000183,0.00073599,0.01098985,False,,0.00000000,False,1/14/2018 6:57:55 PM
e919857e-79e0-4e78-b3a8-b6ffa476f4fb,ETH-XRP,1/14/2018 6:57:03 PM,LIMIT_BUY,0.00138508,3.99897000,0.00000000,0.00001384,0.00553888,0.00138508,False,,0.00000000,False,1/14/2018 6:58:33 PM
956f1963-5ed7-41fc-b8cc-caa6276914dc,ETH-XMR,4/21/2018 12:02:23 AM,LIMIT_SELL,0.43481011,0.12978246,0.00000000,0.00014107,0.05643089,0.43481138,False,,0.00000000,False,4/21/2018 12:02:23 AM
3b24a743-7170-4f65-868c-559d36956868,BTC-SALT,4/21/2018 12:11:12 AM,LIMIT_BUY,0.00040354,2.51357000,0.00000000,0.00000253,0.00101432,0.00040354,False,,0.00000000,False,4/21/2018 12:11:36 AM
9b145cbf-1a53-45d8-ba56-e4998f55ef02,BTC-ADA,4/21/2018 12:11:53 AM,LIMIT_BUY,0.00003406,27.06245000,0.00000000,0.00000230,0.00092174,0.00003406,False,,0.00000000,False,4/21/2018 12:11:57 AM
b4cc33f5-78d3-4ec5-809f-c0be9efc2521,BTC-LTC,5/20/2018 1:49:28 PM,LIMIT_SELL,0.01640000,0.33969444,0.00000000,0.00001392,0.00557098,0.01639997,False,,0.00000000,False,5/20/2018 1:49:28 PM
556ce1ee-9f51-4a9c-83fd-648039853d74,ETH-LTC,5/20/2018 1:50:54 PM,LIMIT_SELL,0.19337023,0.24636057,0.00000000,0.00011909,0.04763880,0.19337023,False,,0.00000000,False,5/20/2018 1:50:55 PM
1af8a311-3289-4787-915e-0e3ff69f8adb,BTC-LTC,5/20/2018 2:19:27 PM,LIMIT_SELL,0.01640000,0.28957000,0.00000000,0.00001187,0.00474894,0.01639997,False,,0.00000000,False,5/20/2018 2:19:27 PM
284c538b-0359-49c6-a92e-35ae0f598471,BTC-XMR,5/20/2018 2:21:49 PM,LIMIT_BUY,0.02395694,0.17617000,0.00000000,0.00001054,0.00422048,0.02395686,False,,0.00000000,False,5/20/2018 2:22:07 PM
67fbcbf6-8564-4c96-b7da-aad6f1b5aaaf,BTC-ETH,11/30/2018 3:14:55 PM,LIMIT_BUY,0.02820814,0.31118000,0.00000000,0.00002193,0.00877779,0.02820808,False,,0.00000000,False,11/30/2018 3:16:25 PM
64b093e3-c35f-4939-b85e-5b22ed744739,BTC-XLM,11/30/2018 3:15:54 PM,LIMIT_BUY,0.00003960,100.00000000,0.00000000,0.00000989,0.00395998,0.00003960,False,,0.00000000,False,11/30/2018 3:25:28 PM
a2108c06-e479-48a6-96cf-39259dbcb613,BTC-XLM,11/30/2018 3:56:33 PM,LIMIT_SELL,0.00003954,150.00000000,0.00000000,0.00001482,0.00593100,0.00003954,False,,0.00000000,False,11/30/2018 3:57:44 PM
0633a557-a661-499e-8ca8-a98bafcb795a,BTC-XRP,11/30/2018 3:59:42 PM,LIMIT_SELL,0.00008980,14.25448000,0.00000000,0.00000320,0.00128005,0.00008980,False,,0.00000000,False,11/30/2018 3:59:42 PM
f7b4c2f5-3d1f-45ae-be66-f3107b30c449,BTC-XMR,11/30/2018 4:06:19 PM,LIMIT_BUY,0.01430000,0.08731000,0.00000000,0.00000312,0.00124853,0.01429997,False,,0.00000000,False,11/30/2018 4:11:10 PM
e328538d-816c-4916-a914-be6287b66558,BTC-XMR,12/4/2018 1:41:17 PM,LIMIT_BUY,0.01434000,0.55701000,0.00000000,0.00001996,0.00798752,0.01433999,False,,0.00000000,False,12/4/2018 1:41:25 PM
a569f7c5-e8b5-45c1-b805-1bbb9532f285,BTC-XLM,12/4/2018 1:59:38 PM,LIMIT_BUY,0.00003810,150.00000000,0.00000000,0.00001428,0.00571499,0.00003810,False,,0.00000000,False,12/4/2018 1:59:38 PM
6d2bb3cc-9e96-4d75-a662-282a7b3fc0da,BTC-XRP,1/27/2019 12:50:15 PM,LIMIT_SELL,0.00008640,5.90000000,0.00000000,0.00000127,0.00050976,0.00008640,False,,0.00000000,False,1/27/2019 12:56:09 PM
e7849062-7fbd-4a38-b639-6a89f5a255a5,BTC-LTC,3/2/2019 1:33:50 PM,LIMIT_SELL,0.01275434,0.16157703,0.00000000,0.00000515,0.00206080,0.01275429,False,,0.00000000,False,3/2/2019 1:34:06 PM
a9ecd37e-3443-4286-8612-8a275fec2bbf,BTC-NEO,3/2/2019 1:35:51 PM,LIMIT_SELL,0.00229400,0.40544991,0.00000000,0.00000232,0.00093027,0.00229441,False,,0.00000000,False,3/2/2019 1:35:51 PM
59126f72-a963-4360-9be2-2bcd5eec1de9,BTC-DASH,3/2/2019 1:37:02 PM,LIMIT_SELL,0.02150000,0.05989440,0.00000000,0.00000321,0.00128772,0.02149984,False,,0.00000000,False,3/2/2019 1:37:02 PM
5678b3a9-4b2b-485a-9a1a-42faa7e3af51,BTC-ZEC,3/2/2019 2:12:34 PM,LIMIT_SELL,0.01340099,0.08729786,0.00000000,0.00000292,0.00116987,0.01340090,False,,0.00000000,False,3/2/2019 2:31:17 PM
3f2fe3ad-c030-4126-883a-4c87188d0511,BTC-ADA,3/21/2019 12:43:27 PM,LIMIT_SELL,0.00001338,105.86479000,0.00000000,0.00000354,0.00141647,0.00001338,False,,0.00000000,False,3/21/2019 12:47:39 PM
ffe8b83b-86a2-474b-96b4-58e5214a3c42,ETH-XMR,4/13/2019 3:16:07 PM,LIMIT_BUY,0.39604558,1.64761643,0.00000000,0.00163132,0.65253120,0.39604558,False,,0.00000000,False,4/13/2019 3:16:07 PM
08c304c9-0769-45cf-9c74-eda6b05484f8,BTC-XMR,4/13/2019 3:18:35 PM,LIMIT_BUY,0.01278201,1.41814625,0.00000000,0.00004531,0.01812675,0.01278200,False,,0.00000000,False,4/13/2019 3:18:35 PM
6ce1153d-f017-43ae-b42e-2c642fd88389,BTC-XMR,4/14/2019 11:51:56 AM,LIMIT_SELL,0.01277000,2.25200000,0.00000000,0.00007189,0.02875810,0.01277003,False,,0.00000000,False,4/14/2019 11:51:56 AM
a51b820c-a3a9-4d37-a051-0624066d8c70,BTC-XMR,4/19/2019 5:23:10 PM,LIMIT_SELL,0.01290667,0.95081000,0.00000000,0.00003067,0.01227184,0.01290672,False,,0.00000000,False,4/19/2019 5:23:10 PM
2b931c2a-a3e6-45b3-b16d-3fb7598a6abe,BTC-XRP,4/19/2019 5:23:49 PM,LIMIT_BUY,0.00006277,359.29191000,0.00000000,0.00005623,0.02255261,0.00006277,False,,0.00000000,False,4/19/2019 5:35:41 PM
cdb5dae2-f8e8-4580-8f6c-8f1aa8015ec1,BTC-XMR,6/10/2019 4:38:39 PM,LIMIT_BUY,0.01089986,1.20375000,0.00000000,0.00003280,0.01312070,0.01089985,False,,0.00000000,False,6/10/2019 4:38:39 PM
0bd63cc4-11df-4617-bd10-3e852b2c544d,BTC-XMR,7/9/2019 8:22:26 PM,LIMIT_BUY,0.00794299,1.03328700,0.00000000,0.00002051,0.00820728,0.00794289,False,,0.00000000,False,7/9/2019 8:22:26 PM
42f04203-7ec2-420d-9aac-79f1b81020e1,BTC-XMR,10/14/2019 7:17:40 PM,LIMIT_BUY,0.00634774,1.34548400,0.00000000,0.00002134,0.00854078,0.00634774,False,,0.00000000,False,10/14/2019 7:27:36 PM
57328bda-c4e2-42e2-b982-09a1dec6a596,BTC-XMR,12/17/2019 2:20:51 PM,LIMIT_BUY,0.00696245,0.94650000,0.00000000,0.00001646,0.00658995,0.00696244,False,,0.00000000,False,12/17/2019 2:20:52 PM
#2020
5dc440b9-873b-4492-8f64-424c4b802f9c,BTC-XMR,1/15/2020 2:39:24 PM,LIMIT_SELL,0.00736069,0.32500000,0.00000000,0.00000598,0.00239222,0.00736068,False,,0.00000000,False,1/15/2020 2:39:24 PM,0,
dc0624ae-ed9e-4949-a0c8-56f5078fc1b4,BTC-XMR,2/5/2020 12:27:29 PM,LIMIT_SELL,0.00814484,0.33000000,0.00000000,0.00000671,0.00268779,0.00814482,False,,0.00000000,False,2/5/2020 12:28:14 PM,0,
ab36a04f-837f-43c2-8f18-251da15c781e,BTC-XMR,3/12/2020 12:56:45 PM,LIMIT_BUY,0.00621030,1.08780323,0.00000000,0.00000675,0.00675558,0.00621030,False,,0.00000000,False,3/12/2020 12:57:13 PM,0,
25c2421d-50ff-4e51-ae8f-0170330500e1,BTC-XMR,4/29/2020 8:30:38 PM,LIMIT_SELL,0.00759039,0.70816100,0.00000000,0.00001075,0.00537521,0.00759038,False,,0.00000000,False,4/29/2020 8:30:38 PM,0,
a260c9e6-6774-4f53-a0f5-0a80c3bc502b,BTC-XMR,9/30/2020 11:57:57 PM,LIMIT_SELL,0.01004217,1.30000000,0.00000000,0.00000000,0.01305482,0.01004217,False,,0.00000000,False,9/30/2020 11:59:38 PM,0,
4111b706-5678-4b42-a1e1-b2a0adb820a9,BTC-XMR,11/12/2020 2:15:30 PM,LIMIT_BUY,0.00699253,0.50000000,0.00000000,0.00000698,0.00349008,0.00698016,False,,0.00000000,False,11/12/2020 2:15:30 PM,0,
736c840c-58c4-4458-93d4-bceda8603454,BTC-XMR,12/22/2020 2:02:24 PM,LIMIT_BUY,0.00651158,0.70000000,0.00000000,0.00000910,0.00455487,0.00650696,False,,0.00000000,False,12/22/2020 2:02:24 PM,0,
#SALT delisted
salt-delisted,USD-SALT,2/21/2020 00:00:00 AM,LIMIT_SELL,,7.73027,0.00,0.00,0.00,,,,,,,,
#2023
#usdt and eth surrendered as part of bankruptcy
usdt-surrender,USD-USDT,2/21/2020 00:00:00 AM,LIMIT_SELL,0.00,0.00005232,0.00,0.00,0.00,,,,,,,,
eth-surrender,USD-ETH,2/21/2020 00:00:00 AM,LIMIT_SELL,0.00,0.00000410,0.00,0.00,0.00,,,,,,,,