portfolio,type,time,amount,balance,amount/balance unit,transfer id,trade id,order id
#we only need to handle the deposits/withdrawls here, the othes are related to trades, which are already in the trades file
default,deposit,2017-12-12T20:12:31.776Z,100.0000000000000000,100.0000000000000000,USD,41fdd3b3-c041-45a9-974e-52cbfd06ab24,,
default,match,2017-12-12T22:46:58.282Z,0.1590125900000000,0.1590125900000000,ETH,,20680834,2f53cf27-b97c-4879-b822-2f4d3224efff
default,match,2017-12-12T22:46:58.282Z,-99.7008939300000000,0.2991060700000000,USD,,20680834,2f53cf27-b97c-4879-b822-2f4d3224efff
default,fee,2017-12-12T22:46:58.282Z,-0.2991026817900000,0.0000033882100000,USD,,20680834,2f53cf27-b97c-4879-b822-2f4d3224efff
# 0.08901259
default,match,2017-12-14T00:25:49.571Z,-0.0700000000000000,0.0890125900000000,ETH,,2562746,63601411-8141-4378-9423-1b877c1f5f72
default,match,2017-12-14T00:25:49.571Z,0.0029841000000000,0.0029841000000000,BTC,,2562746,63601411-8141-4378-9423-1b877c1f5f72
default,fee,2017-12-14T00:25:49.571Z,-0.0000089523000000,0.0029751477000000,BTC,,2562746,63601411-8141-4378-9423-1b877c1f5f72
#
default,match,2017-12-14T00:26:11.910Z,0.1594752600000000,0.1594752600000000,LTC,,2011486,9bd34fb0-11fe-4cb8-86ea-02fd413f7da0
default,match,2017-12-14T00:26:11.910Z,-0.0029662398360000,0.0000089078640000,BTC,,2011486,9bd34fb0-11fe-4cb8-86ea-02fd413f7da0
default,fee,2017-12-14T00:26:11.910Z,-0.0000088987195080,0.0000000091444920,BTC,,2011486,9bd34fb0-11fe-4cb8-86ea-02fd413f7da0
#
default,withdrawal,2017-12-14T00:31:08.730Z,-0.0890125900000000,0.0000000000000000,ETH,13edf68c-81db-46d9-b869-ebc4f096aa21,,
#
default,withdrawal,2017-12-14T00:32:23.512Z,-0.1594752600000000,0.0000000000000000,LTC,e71e38a8-6d33-4032-9f2b-8af34e0eeb5b,,
default,deposit,2018-01-09T23:30:13.689Z,100.0000000000000000,100.0000033882100000,USD,e6bb6aba-f85f-4d72-93e6-9e39a443285a,,
#
default,match,2018-01-11T17:24:18.034Z,0.0409617400000000,0.0409617400000000,ETH,,25463507,8dd8e7e6-8c2d-4d2e-95db-c87212a75ccb
default,match,2018-01-11T17:24:18.034Z,-49.8504375800000000,50.1495658082100000,USD,,25463507,8dd8e7e6-8c2d-4d2e-95db-c87212a75ccb
default,fee,2018-01-11T17:24:18.034Z,-0.1495513127400000,50.0000144954700000,USD,,25463507,8dd8e7e6-8c2d-4d2e-95db-c87212a75ccb
default,match,2018-01-11T17:24:27.972Z,0.0036316200000000,0.0036316291444920,BTC,,33063286,0fa1a91c-dde1-4b45-9098-1b8228840b8e
default,match,2018-01-11T17:24:27.972Z,-49.8752890644000000,0.1247254310700000,USD,,33063286,0fa1a91c-dde1-4b45-9098-1b8228840b8e
default,fee,2018-01-11T17:24:27.972Z,-0.1246882226610000,0.0000372084090000,USD,,33063286,0fa1a91c-dde1-4b45-9098-1b8228840b8e
default,withdrawal,2018-01-11T17:27:41.109Z,-0.0409617400000000,0.0000000000000000,ETH,c45fb4e9-8b76-4a92-82a6-ccad3d1162ec,,
default,withdrawal,2018-01-11T17:28:27.428Z,-0.0036316200000000,0.0000000091444920,BTC,835c6db0-0a5b-4ec8-aa45-6fdddffdaff5,,
#
default,deposit,2018-12-03T23:25:54.812Z,100.0000000000000000,100.0000372084090000,USD,f7fefc36-0793-4453-aaab-58206569ae98,,
default,match,2018-12-04T00:14:32.626Z,0.0057247900000000,0.0057247991444920,BTC,,55292039,107a212a-a05b-4f84-b3be-cfe6f92be460
default,match,2018-12-04T00:14:32.626Z,-21.9341893976000000,78.0658478108090000,USD,,55292039,107a212a-a05b-4f84-b3be-cfe6f92be460
default,fee,2018-12-04T00:14:32.626Z,-0.0658025681928000,78.0000452426162000,USD,,55292039,107a212a-a05b-4f84-b3be-cfe6f92be460
default,match,2018-12-04T00:15:16.134Z,0.2329460200000000,0.2329460200000000,ETH,,42676246,c140bf55-adff-4a43-b5fc-84a3d9e3c31c
default,match,2018-12-04T00:15:16.134Z,-24.9252241400000000,53.0748211026162000,USD,,42676246,c140bf55-adff-4a43-b5fc-84a3d9e3c31c
default,fee,2018-12-04T00:15:16.134Z,-0.0747756724200000,53.0000454301962000,USD,,42676246,c140bf55-adff-4a43-b5fc-84a3d9e3c31c
default,match,2018-12-04T00:30:16.488Z,0.0137131900000000,0.0194379891444920,BTC,,55293151,0d91d40e-2a2b-441a-969a-5ea7938134ec
default,match,2018-12-04T00:30:16.488Z,-52.8414464227000000,0.1585990074962000,USD,,55293151,0d91d40e-2a2b-441a-969a-5ea7938134ec
default,fee,2018-12-04T00:30:16.488Z,-0.1585243392681000,0.0000746682281000,USD,,55293151,0d91d40e-2a2b-441a-969a-5ea7938134ec
default,withdrawal,2018-12-04T00:31:10.021Z,-0.0085566300000000,0.0108813591444920,BTC,d74e62d6-852a-4944-87e5-4189525f0020,,
default,deposit,2019-02-20T03:33:47.434Z,100.0000000000000000,100.0000746682281000,USD,253f4504-93da-4d18-abe6-09abf8e72dc3,,
default,match,2019-02-21T13:33:52.634Z,0.0255436300000000,0.0364249891444920,BTC,,59548973,b66104ac-659f-477c-8f50-cc7f7772ac4f
default,match,2019-02-21T13:33:52.634Z,-99.7008748708000000,0.2991997974281000,USD,,59548973,b66104ac-659f-477c-8f50-cc7f7772ac4f
default,fee,2019-02-21T13:33:52.634Z,-0.2991026246124000,0.0000971728157000,USD,,59548973,b66104ac-659f-477c-8f50-cc7f7772ac4f
#
default,deposit,2019-04-08T15:47:58.667Z,0.0183130000000000,0.0547379891444920,BTC,3cead614-af70-46d4-a5c7-ba2a5aaf2e94,,
default,deposit,2019-04-08T15:48:20.614Z,0.0090383000000000,0.2419843200000000,ETH,b3cb5979-3df4-41aa-8411-27e1ad647aa2,,
default,deposit,2019-04-12T15:46:18.996Z,500.0000000000000000,500.0000971728157000,USD,24070b62-7f32-421b-a14e-8142ef0b0a9b,,
default,deposit,2019-04-13T22:10:00.610Z,289.2673900000000000,289.2673900000000000,XLM,9fb80fea-60e0-4ce7-abad-1a7d02df9f87,,
default,match,2019-04-14T00:27:17.693Z,0.8509589400000000,1.0929432600000000,ETH,,46341992,67eb0e73-1d9a-4030-9754-acc867862a5f
default,match,2019-04-14T00:27:17.693Z,-139.6508716434000000,360.3492255294157000,USD,,46341992,67eb0e73-1d9a-4030-9754-acc867862a5f
default,fee,2019-04-14T00:27:17.693Z,-0.3491271791085000,360.0000983503072000,USD,,46341992,67eb0e73-1d9a-4030-9754-acc867862a5f
default,match,2019-04-14T11:54:47.922Z,0.0338539300000000,0.0885919191444920,BTC,,61991687,456f7bc2-b2be-4f07-8976-35785efdeb72
default,match,2019-04-14T11:54:47.922Z,-171.5710401614000000,188.4290581889072000,USD,,61991687,456f7bc2-b2be-4f07-8976-35785efdeb72
default,fee,2019-04-14T11:54:47.922Z,-0.4289276004035000,188.0001305885037000,USD,,61991687,456f7bc2-b2be-4f07-8976-35785efdeb72
default,deposit,2019-04-14T11:56:36.047Z,93.0000000000000000,382.2673900000000000,XLM,ef3bd727-969b-444b-9c9c-2998ca85b2d3,,
default,deposit,2019-06-11T19:18:24.196Z,500.0000000000000000,688.0001305885037000,USD,590df565-ecc9-4ac7-a490-68d7796d69c0,,
default,deposit,2019-06-12T16:42:54.505Z,371.1985430000000000,371.1985430000000000,XRP,80183188-b17d-4a61-86b9-d9a2aabd17e1,,
default,match,2019-06-12T16:50:18.011Z,-150.0000000000000000,221.1985430000000000,XRP,,241864,fe08ce43-00c3-4e02-916a-59d01cedd3a9
default,match,2019-06-12T16:50:18.011Z,0.0073815000000000,0.0959734191444920,BTC,,241864,fe08ce43-00c3-4e02-916a-59d01cedd3a9
default,fee,2019-06-12T16:50:18.011Z,-0.0000184537500000,0.0959549653944920,BTC,,241864,fe08ce43-00c3-4e02-916a-59d01cedd3a9
default,match,2019-06-12T16:55:53.228Z,-40.8950790000000000,647.1050515885037000,USD,,947510,0aa7835a-8ccc-4ddb-838b-2a30832cabd8
default,match,2019-06-12T16:55:53.228Z,321.0000000000000000,703.2673900000000000,XLM,,947510,0aa7835a-8ccc-4ddb-838b-2a30832cabd8
default,fee,2019-06-12T16:55:53.228Z,-0.1022376975000000,647.0028138910037000,USD,,947510,0aa7835a-8ccc-4ddb-838b-2a30832cabd8
default,match,2019-06-12T16:58:02.093Z,-241.3964305053000000,405.6063833857037000,USD,,66065603,2e849f50-9383-4751-b6c6-927a198bd2cd
default,match,2019-06-12T16:58:02.093Z,0.0295105300000000,0.1254654953944920,BTC,,66065603,2e849f50-9383-4751-b6c6-927a198bd2cd
default,fee,2019-06-12T16:58:02.093Z,-0.6034910762632500,405.0028923094404500,USD,,66065603,2e849f50-9383-4751-b6c6-927a198bd2cd
default,deposit,2019-07-09T15:15:11.909Z,500.0000000000000000,905.0028923094404500,USD,06e2e32a-0124-43ff-b1ba-c1b70392bf9d,,
default,match,2019-07-09T19:27:01.246Z,-47.7587000000000000,857.2441923094404500,USD,,2216439,6bb3a22f-668a-4aca-a569-93a38bab0a19
default,match,2019-07-09T19:27:01.246Z,121.0000000000000000,342.1985430000000000,XRP,,2216439,6bb3a22f-668a-4aca-a569-93a38bab0a19
default,fee,2019-07-09T19:27:01.246Z,-0.1193967500000000,857.1247955594404500,USD,,2216439,6bb3a22f-668a-4aca-a569-93a38bab0a19
default,match,2019-07-09T19:27:23.720Z,-62.7956930000000000,794.3291025594404500,USD,,1208217,5b46d9d6-9419-47ef-a2ce-8d4836ebf274
default,match,2019-07-09T19:27:23.720Z,619.0000000000000000,1322.2673900000000000,XLM,,1208217,5b46d9d6-9419-47ef-a2ce-8d4836ebf274
default,fee,2019-07-09T19:27:23.720Z,-0.1569892325000000,794.1721133269404500,USD,,1208217,5b46d9d6-9419-47ef-a2ce-8d4836ebf274
default,match,2019-07-09T19:28:10.537Z,-65.8354089313000000,728.3367043956404500,USD,,49862734,59d82689-88e3-491b-847c-7a1e96c888e0
default,match,2019-07-09T19:28:10.537Z,0.2140223300000000,1.3069655900000000,ETH,,49862734,59d82689-88e3-491b-847c-7a1e96c888e0
default,fee,2019-07-09T19:28:10.537Z,-0.1645885223282500,728.1721158733122000,USD,,49862734,59d82689-88e3-491b-847c-7a1e96c888e0
default,match,2019-07-09T19:30:09.750Z,-99.7505284327000000,628.4215874406122000,USD,,69186206,0c496163-a167-4480-bca6-82d332bbe83f
default,match,2019-07-09T19:30:09.750Z,0.0079112900000000,0.1333767853944920,BTC,,69186206,0c496163-a167-4480-bca6-82d332bbe83f
default,fee,2019-07-09T19:30:09.750Z,-0.2493763210817500,628.1722111195304500,USD,,69186206,0c496163-a167-4480-bca6-82d332bbe83f
default,withdrawal,2019-07-09T19:32:17.041Z,-0.0079501300000000,0.1254266553944920,BTC,bd99fcfe-c9e3-4994-b6a1-e7e02b75d486,,
#
default,match,2019-08-09T19:23:53.683Z,-0.0003530000000000,0.1250736553944920,BTC,,8108911,e0482fe0-6c2c-42b6-ad7d-83925bbf2881
default,match,2019-08-09T19:23:53.683Z,0.0200000000000000,1.3269655900000000,ETH,,8108911,e0482fe0-6c2c-42b6-ad7d-83925bbf2881
default,fee,2019-08-09T19:23:53.683Z,-0.0000008825000000,0.1250727728944920,BTC,,8108911,e0482fe0-6c2c-42b6-ad7d-83925bbf2881
default,match,2019-08-09T19:23:53.691Z,-0.0067991098785000,0.1182736630159920,BTC,,8108912,e0482fe0-6c2c-42b6-ad7d-83925bbf2881
default,match,2019-08-09T19:23:53.691Z,0.3852186900000000,1.7121842800000000,ETH,,8108912,e0482fe0-6c2c-42b6-ad7d-83925bbf2881
default,fee,2019-08-09T19:23:53.691Z,-0.0000169977746962,0.1182566652412958,BTC,,8108912,e0482fe0-6c2c-42b6-ad7d-83925bbf2881
#
default,match,2019-08-09T19:24:39.125Z,-25.8763610000000000,602.2958501195304500,USD,,1468235,1dced13d-0108-44b7-a232-4c99d3511abe
default,match,2019-08-09T19:24:39.125Z,359.0000000000000000,1681.2673900000000000,XLM,,1468235,1dced13d-0108-44b7-a232-4c99d3511abe
default,fee,2019-08-09T19:24:39.125Z,-0.0646909025000000,602.2311592170304500,USD,,1468235,1dced13d-0108-44b7-a232-4c99d3511abe
default,match,2019-09-19T13:57:45.282Z,-361.0000000000000000,1320.2673900000000000,XLM,,1737468,55433bb0-7815-41df-8ab3-7f51cbdd3fbd
default,match,2019-09-19T13:57:45.282Z,29.9991000000000000,632.2302592170304500,USD,,1737468,55433bb0-7815-41df-8ab3-7f51cbdd3fbd
default,fee,2019-09-19T13:57:45.282Z,-0.0749977500000000,632.1552614670304500,USD,,1737468,55433bb0-7815-41df-8ab3-7f51cbdd3fbd
default,match,2019-09-19T14:16:34.634Z,-94.7630704200000000,537.3921910470304500,USD,,74254855,23d68da7-8acc-4bc6-a380-bd5f7dd7c8ad
default,match,2019-09-19T14:16:34.634Z,0.0096089100000000,0.1278655752412958,BTC,,74254855,23d68da7-8acc-4bc6-a380-bd5f7dd7c8ad
default,fee,2019-09-19T14:16:34.634Z,-0.2369076760500000,537.1552833709804500,USD,,74254855,23d68da7-8acc-4bc6-a380-bd5f7dd7c8ad
default,match,2019-09-25T00:06:42.088Z,-6.6365560000000000,530.5187273709804500,USD,,1809079,0a3ce536-0ab1-46b6-a3c5-b6af47a6cc9e
default,match,2019-09-25T00:06:42.088Z,122.0000000000000000,1442.2673900000000000,XLM,,1809079,0a3ce536-0ab1-46b6-a3c5-b6af47a6cc9e
default,fee,2019-09-25T00:06:42.088Z,-0.0165913900000000,530.5021359809804500,USD,,1809079,0a3ce536-0ab1-46b6-a3c5-b6af47a6cc9e
default,match,2019-09-25T00:06:42.097Z,-17.2985640000000000,513.2035719809804500,USD,,1809080,0a3ce536-0ab1-46b6-a3c5-b6af47a6cc9e
default,match,2019-09-25T00:06:42.097Z,318.0000000000000000,1760.2673900000000000,XLM,,1809080,0a3ce536-0ab1-46b6-a3c5-b6af47a6cc9e
default,fee,2019-09-25T00:06:42.097Z,-0.0432464100000000,513.1603255709804500,USD,,1809080,0a3ce536-0ab1-46b6-a3c5-b6af47a6cc9e
default,match,2019-09-25T00:07:08.626Z,-13.8768000000000000,499.2835255709804500,USD,,3585297,d97352df-4773-4169-9e55-cd6713c11cb0
default,match,2019-09-25T00:07:08.626Z,59.0000000000000000,401.1985430000000000,XRP,,3585297,d97352df-4773-4169-9e55-cd6713c11cb0
default,fee,2019-09-25T00:07:08.626Z,-0.0346920000000000,499.2488335709804500,USD,,3585297,d97352df-4773-4169-9e55-cd6713c11cb0
#
default,withdrawal,2019-10-14T18:43:54.996Z,-0.0119760400000000,0.1158895352412958,BTC,5f6543b1-a455-46f7-8ac0-136e9bd2aecf,,
default,match,2019-10-14T18:45:48.011Z,-266.0000000000000000,1494.2673900000000000,XLM,,549978,785dc7f8-81e7-48e0-a28a-457a4caf2109
default,match,2019-10-14T18:45:48.011Z,0.0020508600000000,0.1179403952412958,BTC,,549978,785dc7f8-81e7-48e0-a28a-457a4caf2109
default,fee,2019-10-14T18:45:48.011Z,-0.0000102543000000,0.1179301409412958,BTC,,549978,785dc7f8-81e7-48e0-a28a-457a4caf2109
default,match,2019-10-14T18:46:24.984Z,-73.0000000000000000,328.1985430000000000,XRP,,878471,de9cf071-7665-4e13-95d0-8d7a97617c92
default,match,2019-10-14T18:46:24.984Z,0.0025506200000000,0.1204807609412958,BTC,,878471,de9cf071-7665-4e13-95d0-8d7a97617c92
default,fee,2019-10-14T18:46:24.984Z,-0.0000127531000000,0.1204680078412958,BTC,,878471,de9cf071-7665-4e13-95d0-8d7a97617c92
default,match,2019-10-14T19:31:26.415Z,-0.1756360000000000,1.5365482800000000,ETH,,8435684,23d38121-db48-4603-9fbd-b1f65645b867
default,match,2019-10-14T19:31:26.415Z,0.0039096573600000,0.1243776652012958,BTC,,8435684,23d38121-db48-4603-9fbd-b1f65645b867
default,fee,2019-10-14T19:31:26.415Z,-0.0000195482868000,0.1243581169144958,BTC,,8435684,23d38121-db48-4603-9fbd-b1f65645b867
#
default,match,2019-12-17T14:23:34.207Z,-85.5720959303000000,413.6767376406804500,USD,,79650803,014aaf67-d4dc-4cb3-94a2-652617d0189d
default,match,2019-12-17T14:23:34.207Z,0.0127165900000000,0.1370747069144958,BTC,,79650803,014aaf67-d4dc-4cb3-94a2-652617d0189d
default,fee,2019-12-17T14:23:34.207Z,-0.4278604796515000,413.2488771610289500,USD,,79650803,014aaf67-d4dc-4cb3-94a2-652617d0189d
default,match,2019-12-17T14:24:02.007Z,-38.8059694900000000,374.4429076710289500,USD,,52890261,f4ee7f24-bbf5-4bdd-bcaa-31bfcacbb851
default,match,2019-12-17T14:24:02.007Z,0.3017571500000000,1.8383054300000000,ETH,,52890261,f4ee7f24-bbf5-4bdd-bcaa-31bfcacbb851
default,fee,2019-12-17T14:24:02.007Z,-0.1940298474500000,374.2488778235789500,USD,,52890261,f4ee7f24-bbf5-4bdd-bcaa-31bfcacbb851
default,match,2020-01-15T14:41:46.340Z,-0.0038330000000000,0.1332417069144958,BTC,,81190395,d911d4ab-760f-431b-98df-34b8cd94ef00
default,match,2020-01-15T14:41:46.340Z,33.8841033000000000,408.1329811235789500,USD,,81190395,d911d4ab-760f-431b-98df-34b8cd94ef00
default,fee,2020-01-15T14:41:46.340Z,-0.1694205165000000,407.9635606070789500,USD,,81190395,d911d4ab-760f-431b-98df-34b8cd94ef00
default,match,2020-01-18T13:26:27.292Z,-300.0000000000000000,1194.2673900000000000,XLM,,766759,c7d9a4bb-ae8c-4e0a-86c7-ae8b72dc7620
default,match,2020-01-18T13:26:27.292Z,0.0021420000000000,0.1353837069144958,BTC,,766759,c7d9a4bb-ae8c-4e0a-86c7-ae8b72dc7620
default,fee,2020-01-18T13:26:27.292Z,-0.0000107100000000,0.1353729969144958,BTC,,766759,c7d9a4bb-ae8c-4e0a-86c7-ae8b72dc7620
default,match,2020-02-05T12:30:18.163Z,-0.0900000000000000,1.7483054300000000,ETH,,53783115,3a82812e-a934-4702-8e6a-ece6bbd5a285
default,match,2020-02-05T12:30:18.163Z,17.6769000000000000,425.6404606070789500,USD,,53783115,3a82812e-a934-4702-8e6a-ece6bbd5a285
default,fee,2020-02-05T12:30:18.163Z,-0.0883845000000000,425.5520761070789500,USD,,53783115,3a82812e-a934-4702-8e6a-ece6bbd5a285
default,match,2020-02-05T12:30:50.133Z,-0.0026810700000000,0.1326919269144958,BTC,,82290456,f9301acb-add0-43f4-9b5d-e1b0dceef312
default,match,2020-02-05T12:30:50.133Z,25.2699963138000000,450.8220724208789500,USD,,82290456,f9301acb-add0-43f4-9b5d-e1b0dceef312
default,fee,2020-02-05T12:30:50.133Z,-0.1263499815690000,450.6957224393099500,USD,,82290456,f9301acb-add0-43f4-9b5d-e1b0dceef312
default,match,2020-02-11T20:25:02.873Z,-0.1200000000000000,1.6283054300000000,ETH,,54015337,73d30a7c-a6cf-4be3-9cf7-96cdb6de690f
default,match,2020-02-11T20:25:02.873Z,28.5360000000000000,479.2317224393099500,USD,,54015337,73d30a7c-a6cf-4be3-9cf7-96cdb6de690f
default,fee,2020-02-11T20:25:02.873Z,-0.1426800000000000,479.0890424393099500,USD,,54015337,73d30a7c-a6cf-4be3-9cf7-96cdb6de690f
default,match,2020-02-18T23:01:40.971Z,-0.1600000000000000,1.4683054300000000,ETH,,54400334,e0482d94-75bc-416a-8493-a16d1ae82ca7
default,match,2020-02-18T23:01:40.971Z,45.1168000000000000,524.2058424393099500,USD,,54400334,e0482d94-75bc-416a-8493-a16d1ae82ca7
default,fee,2020-02-18T23:01:40.971Z,-0.2255840000000000,523.9802584393099500,USD,,54400334,e0482d94-75bc-416a-8493-a16d1ae82ca7
#
default,match,2020-03-12T12:52:53.641Z,-29.8507453644000000,494.1295130749099500,USD,,55364722,49bcbbf6-496e-4591-b0aa-441810a6c172
default,match,2020-03-12T12:52:53.641Z,0.2181115400000000,1.6864169700000000,ETH,,55364722,49bcbbf6-496e-4591-b0aa-441810a6c172
default,fee,2020-03-12T12:52:53.641Z,-0.1492537268220000,493.9802593480879500,USD,,55364722,49bcbbf6-496e-4591-b0aa-441810a6c172
default,match,2020-03-12T12:53:35.345Z,-1.9399500000000000,492.0403093480879500,USD,,3381836,5807d1eb-bae9-4c10-b5cf-16c8317a42e3
default,match,2020-03-12T12:53:35.345Z,50.0000000000000000,1244.2673900000000000,XLM,,3381836,5807d1eb-bae9-4c10-b5cf-16c8317a42e3
default,fee,2020-03-12T12:53:35.345Z,-0.0096997500000000,492.0306095980879500,USD,,3381836,5807d1eb-bae9-4c10-b5cf-16c8317a42e3
default,match,2020-03-12T12:53:35.353Z,-11.9892000000000000,480.0414095980879500,USD,,3381837,5807d1eb-bae9-4c10-b5cf-16c8317a42e3
default,match,2020-03-12T12:53:35.353Z,309.0000000000000000,1553.2673900000000000,XLM,,3381837,5807d1eb-bae9-4c10-b5cf-16c8317a42e3
default,fee,2020-03-12T12:53:35.353Z,-0.0599460000000000,479.9814635980879500,USD,,3381837,5807d1eb-bae9-4c10-b5cf-16c8317a42e3
default,match,2020-03-12T12:54:01.512Z,-99.5024528950000000,380.4790107030879500,USD,,84839762,b1c5dd8c-c724-4a14-bda4-2ad621d4cc55
default,match,2020-03-12T12:54:01.512Z,0.0165947500000000,0.1492866769144958,BTC,,84839762,b1c5dd8c-c724-4a14-bda4-2ad621d4cc55
default,fee,2020-03-12T12:54:01.512Z,-0.4975122644750000,379.9814984386129500,USD,,84839762,b1c5dd8c-c724-4a14-bda4-2ad621d4cc55
default,withdrawal,2020-03-12T13:01:51.213Z,-0.0040000000000000,0.1452866769144958,BTC,7e4def40-2853-49b0-8ca7-7ffaf279863e,,
#
default,match,2020-04-23T11:00:50.025Z,-384.0000000000000000,1169.2673900000000000,XLM,,3889008,f7d38c9e-338a-40f2-86b4-fb950045cef6
default,match,2020-04-23T11:00:50.025Z,22.4924160000000000,402.4739144386129500,USD,,3889008,f7d38c9e-338a-40f2-86b4-fb950045cef6
default,fee,2020-04-23T11:00:50.025Z,-0.1124620800000000,402.3614523586129500,USD,,3889008,f7d38c9e-338a-40f2-86b4-fb950045cef6
default,match,2020-04-29T20:19:35.310Z,-0.1881750000000000,1.4982419700000000,ETH,,57562192,7a8b9a79-e7e6-4814-9190-97a46b3fe26a
default,match,2020-04-29T20:19:35.310Z,40.6683810000000000,443.0298333586129500,USD,,57562192,7a8b9a79-e7e6-4814-9190-97a46b3fe26a
default,fee,2020-04-29T20:19:35.310Z,-0.2033419050000000,442.8264914536129500,USD,,57562192,7a8b9a79-e7e6-4814-9190-97a46b3fe26a
default,match,2020-05-03T10:21:08.388Z,-0.0090000000000000,0.1362866769144958,BTC,,90265212,8bbb1712-b0c3-4871-bec6-108bb0bb0bda
default,match,2020-05-03T10:21:08.388Z,81.9187200000000000,524.7452114536129500,USD,,90265212,8bbb1712-b0c3-4871-bec6-108bb0bb0bda
default,fee,2020-05-03T10:21:08.388Z,-0.4095936000000000,524.3356178536129500,USD,,90265212,8bbb1712-b0c3-4871-bec6-108bb0bb0bda
default,match,2020-06-11T16:12:44.569Z,-0.0022279600000000,0.1340587169144958,BTC,,1945894,c77c008b-60f6-44ae-98bd-414773003176
default,match,2020-06-11T16:12:44.569Z,109.0000000000000000,437.1985430000000000,XRP,,1945894,c77c008b-60f6-44ae-98bd-414773003176
default,fee,2020-06-11T16:12:44.569Z,-0.0000111398000000,0.1340475771144958,BTC,,1945894,c77c008b-60f6-44ae-98bd-414773003176
default,match,2020-07-09T09:59:26.341Z,-236.0000000000000000,933.2673900000000000,XLM,,4922751,49e623e3-69f4-464c-af44-8b7cf525b5e6
default,match,2020-07-09T09:59:26.341Z,21.8595000000000000,546.1951178536129500,USD,,4922751,49e623e3-69f4-464c-af44-8b7cf525b5e6
default,fee,2020-07-09T09:59:26.341Z,-0.1092975000000000,546.0858203536129500,USD,,4922751,49e623e3-69f4-464c-af44-8b7cf525b5e6
default,match,2020-07-26T10:18:42.472Z,-0.3278370000000000,1.1704049700000000,ETH,,60514835,75ad2ac0-4033-4be2-8edc-0745e6b1d3c3
default,match,2020-07-26T10:18:42.472Z,103.3014387000000000,649.3872590536129500,USD,,60514835,75ad2ac0-4033-4be2-8edc-0745e6b1d3c3
default,fee,2020-07-26T10:18:42.472Z,-0.5165071935000000,648.8707518601129500,USD,,60514835,75ad2ac0-4033-4be2-8edc-0745e6b1d3c3
default,match,2020-08-03T00:55:20.814Z,-80.0000000000000000,357.1985430000000000,XRP,,11215881,77e5b99a-6d8a-42c4-9dd2-069b01d7f913
default,match,2020-08-03T00:55:20.814Z,23.8400000000000000,672.7107518601129500,USD,,11215881,77e5b99a-6d8a-42c4-9dd2-069b01d7f913
default,fee,2020-08-03T00:55:20.814Z,-0.1192000000000000,672.5915518601129500,USD,,11215881,77e5b99a-6d8a-42c4-9dd2-069b01d7f913
default,match,2020-09-06T02:05:55.103Z,-24.8743160000000000,647.7172358601129500,USD,,6385111,bad66589-2a19-4041-8cd2-209a2fdd89bc
default,match,2020-09-06T02:05:55.103Z,334.0000000000000000,1267.2673900000000000,XLM,,6385111,bad66589-2a19-4041-8cd2-209a2fdd89bc
default,fee,2020-09-06T02:05:55.103Z,-0.1243715800000000,647.5928642801129500,USD,,6385111,bad66589-2a19-4041-8cd2-209a2fdd89bc
default,match,2020-10-26T13:46:05.119Z,-0.0022715000000000,0.1317760771144958,BTC,,2559722,274d470d-4d15-483f-b4f0-ed3698d76486
default,match,2020-10-26T13:46:05.119Z,118.0000000000000000,475.1985430000000000,XRP,,2559722,274d470d-4d15-483f-b4f0-ed3698d76486
default,fee,2020-10-26T13:46:05.119Z,-0.0000113575000000,0.1317647196144958,BTC,,2559722,274d470d-4d15-483f-b4f0-ed3698d76486
default,match,2020-10-29T23:22:10.380Z,-0.0110000000000000,0.1207647196144958,BTC,,107180225,6314af52-daaf-4841-b898-2c24102134a8
default,match,2020-10-29T23:22:10.380Z,148.3659100000000000,795.9587742801129500,USD,,107180225,6314af52-daaf-4841-b898-2c24102134a8
default,fee,2020-10-29T23:22:10.380Z,-0.7418295500000000,795.2169447301129500,USD,,107180225,6314af52-daaf-4841-b898-2c24102134a8
default,match,2020-11-12T14:16:20.981Z,-0.0009919800000000,0.1197727396144958,BTC,,1784760,45110df8-5005-46a5-b81a-ac9692677650
default,match,2020-11-12T14:16:20.981Z,198.0000000000000000,1465.2673900000000000,XLM,,1784760,45110df8-5005-46a5-b81a-ac9692677650
default,fee,2020-11-12T14:16:20.981Z,-0.0000049599000000,0.1197677797144958,BTC,,1784760,45110df8-5005-46a5-b81a-ac9692677650
default,match,2020-11-18T13:14:03.243Z,-0.0070000000000000,0.1127677797144958,BTC,,109621759,c87dc445-c0f4-4792-899e-0c89f0fc3caa
default,match,2020-11-18T13:14:03.243Z,126.5149900000000000,921.7319347301129500,USD,,109621759,c87dc445-c0f4-4792-899e-0c89f0fc3caa
default,fee,2020-11-18T13:14:03.243Z,-0.6325749500000000,921.0993597801129500,USD,,109621759,c87dc445-c0f4-4792-899e-0c89f0fc3caa
default,match,2020-11-21T13:14:34.331Z,-75.0000000000000000,400.1985430000000000,XRP,,15097978,76021155-27f0-4312-b211-d6ef10d9fbee
default,match,2020-11-21T13:14:34.331Z,30.6150000000000000,951.7143597801129500,USD,,15097978,76021155-27f0-4312-b211-d6ef10d9fbee
default,fee,2020-11-21T13:14:34.331Z,-0.1530750000000000,951.5612847801129500,USD,,15097978,76021155-27f0-4312-b211-d6ef10d9fbee
default,match,2020-11-23T13:23:45.629Z,-100.0000000000000000,300.1985430000000000,XRP,,15622447,b5a0aeb0-d996-4d32-b71f-1c877c723b87
default,match,2020-11-23T13:23:45.629Z,50.1200000000000000,1001.6812847801129500,USD,,15622447,b5a0aeb0-d996-4d32-b71f-1c877c723b87
default,fee,2020-11-23T13:23:45.629Z,-0.2506000000000000,1001.4306847801129500,USD,,15622447,b5a0aeb0-d996-4d32-b71f-1c877c723b87
default,match,2020-11-24T01:07:13.335Z,-375.0000000000000000,1090.2673900000000000,XLM,,7827163,026b80b3-59c5-46fe-81b1-88e9a4f5d0c4
default,match,2020-11-24T01:07:13.335Z,62.3332500000000000,1063.7639347801129500,USD,,7827163,026b80b3-59c5-46fe-81b1-88e9a4f5d0c4
default,fee,2020-11-24T01:07:13.335Z,-0.3116662500000000,1063.4522685301129500,USD,,7827163,026b80b3-59c5-46fe-81b1-88e9a4f5d0c4
default,match,2020-11-24T14:04:17.828Z,-65.0000000000000000,235.1985430000000000,XRP,,16165551,53286308-e205-4d6f-a0c3-e06acd83c10f
default,match,2020-11-24T14:04:17.828Z,43.8750000000000000,1107.3272685301129500,USD,,16165551,53286308-e205-4d6f-a0c3-e06acd83c10f
default,fee,2020-11-24T14:04:17.828Z,-0.2193750000000000,1107.1078935301129500,USD,,16165551,53286308-e205-4d6f-a0c3-e06acd83c10f
default,match,2020-11-24T17:20:21.382Z,-220.0000000000000000,870.2673900000000000,XLM,,8051849,6830583a-3769-43ba-b255-6f6cd896e635
default,match,2020-11-24T17:20:21.382Z,41.0487000000000000,1148.1565935301129500,USD,,8051849,6830583a-3769-43ba-b255-6f6cd896e635
default,fee,2020-11-24T17:20:21.382Z,-0.2052435000000000,1147.9513500301129500,USD,,8051849,6830583a-3769-43ba-b255-6f6cd896e635
#
default,match,2020-11-28T01:35:44.901Z,-190.0000000000000000,680.2673900000000000,XLM,,1993140,2d23cee4-7a10-41fd-853e-145da702a90c
default,match,2020-11-28T01:35:44.901Z,0.0023636000000000,0.1151313797144958,BTC,,1993140,2d23cee4-7a10-41fd-853e-145da702a90c
default,fee,2020-11-28T01:35:44.901Z,-0.0000118180000000,0.1151195617144958,BTC,,1993140,2d23cee4-7a10-41fd-853e-145da702a90c
#2021
default,match,2021-01-02T14:23:57.976Z,-0.0033000000000000,0.0999497007144958,BTC,,117637115,5b208a76-6df2-47e6-a0c1-1b8cf8c2868c
default,match,2021-01-02T14:23:57.976Z,103.1094240000000000,1261.2056735611904500,USD,,117637115,5b208a76-6df2-47e6-a0c1-1b8cf8c2868c
default,fee,2021-01-02T14:23:57.976Z,-0.5155471200000000,1260.6901264411904500,USD,,117637115,5b208a76-6df2-47e6-a0c1-1b8cf8c2868c
default,withdrawal,2021-01-02T23:42:08.509Z,-0.0040256300000000,0.0959240707144958,BTC,b5c63f98-24f6-476a-8740-5d534eb2c205,,
default,withdrawal,2021-01-03T13:35:04.768Z,-0.0120240000000000,0.0839000707144958,BTC,5a23fa83-d3b9-43fe-8e6b-da10f1674544,,
default,match,2021-01-03T15:05:25.215Z,-0.1700000000000000,1.0004049700000000,ETH,,72451904,a81f0029-7c03-4389-b235-583df7876f87
default,match,2021-01-03T15:05:25.215Z,154.2308000000000000,1414.9209264411904500,USD,,72451904,a81f0029-7c03-4389-b235-583df7876f87
default,fee,2021-01-03T15:05:25.215Z,-0.7711540000000000,1414.1497724411904500,USD,,72451904,a81f0029-7c03-4389-b235-583df7876f87
default,match,2021-01-03T15:07:19.734Z,-26.3160000000000000,1387.8337724411904500,USD,,24110610,04980ae0-2f74-432c-94bb-844ecae976dd
default,match,2021-01-03T15:07:19.734Z,120.0000000000000000,888.7708910000000000,XRP,,24110610,04980ae0-2f74-432c-94bb-844ecae976dd
default,fee,2021-01-03T15:07:19.734Z,-0.1315800000000000,1387.7021924411904500,USD,,24110610,04980ae0-2f74-432c-94bb-844ecae976dd
default,match,2021-01-04T13:07:21.124Z,-0.1000000000000000,0.9004049700000000,ETH,,11759487,9b469799-60e3-48d3-8eee-705d90c5f3d1
default,match,2021-01-04T13:07:21.124Z,0.0032370000000000,0.0871370707144958,BTC,,11759487,9b469799-60e3-48d3-8eee-705d90c5f3d1
default,fee,2021-01-04T13:07:21.124Z,-0.0000161850000000,0.0871208857144958,BTC,,11759487,9b469799-60e3-48d3-8eee-705d90c5f3d1
default,match,2021-01-05T20:10:25.001Z,-300.0000000000000000,1193.2673900000000000,XLM,,11918656,1b8eba03-df3c-4c93-bfa8-67ffb14b6999
default,match,2021-01-05T20:10:25.001Z,58.2768000000000000,1445.9789924411904500,USD,,11918656,1b8eba03-df3c-4c93-bfa8-67ffb14b6999
default,fee,2021-01-05T20:10:25.001Z,-0.2913840000000000,1445.6876084411904500,USD,,11918656,1b8eba03-df3c-4c93-bfa8-67ffb14b6999
default,match,2021-01-06T12:25:40.324Z,-225.0000000000000000,968.2673900000000000,XLM,,12185025,cdc26d2a-8c87-4e37-98a1-a9f58217156e
default,match,2021-01-06T12:25:40.324Z,85.2120000000000000,1530.8996084411904500,USD,,12185025,cdc26d2a-8c87-4e37-98a1-a9f58217156e
default,fee,2021-01-06T12:25:40.324Z,-0.4260600000000000,1530.4735484411904500,USD,,12185025,cdc26d2a-8c87-4e37-98a1-a9f58217156e
default,match,2021-01-06T21:29:10.925Z,-100.0000000000000000,868.2673900000000000,XLM,,12466707,24767db7-72d5-4c92-83d7-0d440e5c227c
default,match,2021-01-06T21:29:10.925Z,31.3238000000000000,1561.7973484411904500,USD,,12466707,24767db7-72d5-4c92-83d7-0d440e5c227c
default,fee,2021-01-06T21:29:10.925Z,-0.1566190000000000,1561.6407294411904500,USD,,12466707,24767db7-72d5-4c92-83d7-0d440e5c227c
default,match,2021-01-07T01:13:16.336Z,-200.0000000000000000,668.2673900000000000,XLM,,12575737,037d4c4d-f26a-4340-b58f-2b4f14efc0c7
default,match,2021-01-07T01:13:16.336Z,76.1228000000000000,1637.7635294411904500,USD,,12575737,037d4c4d-f26a-4340-b58f-2b4f14efc0c7
default,fee,2021-01-07T01:13:16.336Z,-0.3806140000000000,1637.3829154411904500,USD,,12575737,037d4c4d-f26a-4340-b58f-2b4f14efc0c7
default,match,2021-01-08T03:36:48.282Z,-0.0009880000000000,0.0861328857144958,BTC,,2566492,8d4de781-f369-45a3-b014-e2044c1b0340
default,match,2021-01-08T03:36:48.282Z,130.0000000000000000,798.2673900000000000,XLM,,2566492,8d4de781-f369-45a3-b014-e2044c1b0340
default,fee,2021-01-08T03:36:48.282Z,-0.0000049400000000,0.0861279457144958,BTC,,2566492,8d4de781-f369-45a3-b014-e2044c1b0340
default,match,2021-01-19T02:04:17.130Z,-0.0900000000000000,0.8104049700000000,ETH,,77603136,1bc982dd-f16d-417d-a533-ad26866287dd
default,match,2021-01-19T02:04:17.130Z,119.1834000000000000,1756.5663154411904500,USD,,77603136,1bc982dd-f16d-417d-a533-ad26866287dd
default,fee,2021-01-19T02:04:17.130Z,-0.5959170000000000,1755.9703984411904500,USD,,77603136,1bc982dd-f16d-417d-a533-ad26866287dd
default,match,2021-01-24T22:20:03.193Z,-0.1566884900000000,0.6537164800000000,ETH,,12696059,2043cf56-ee7e-4453-ae51-d2ad749d05c0
default,match,2021-01-24T22:20:03.193Z,0.0066482926307000,0.0927762383451958,BTC,,12696059,2043cf56-ee7e-4453-ae51-d2ad749d05c0
default,fee,2021-01-24T22:20:03.193Z,-0.0000332414631535,0.0927429968820423,BTC,,12696059,2043cf56-ee7e-4453-ae51-d2ad749d05c0
default,withdrawal,2021-01-30T19:42:26.835Z,-888.7708910000000000,0.0000000000000000,XRP,123e53a6-0b33-40c2-954a-bed03a0e2e13,,
default,deposit,2021-02-01T13:58:32.506Z,0.0090322600000000,0.6627487400000000,ETH,4cbeeeb7-03d3-4ee2-aec0-26512112ac99,,
default,deposit,2021-02-01T14:00:40.685Z,1.5713000000000000,1.5713000000000000,EOS,0599b07c-de3b-4629-a82b-cae3def1bfe5,,
default,deposit,2021-02-01T14:01:03.344Z,0.0118000000000000,0.0118000000000000,MKR,b6a20baa-c62a-4e17-a851-190b79e57efb,,
default,deposit,2021-02-01T14:01:48.067Z,29.8491289900000000,29.8491289900000000,BAT,3b15b5e2-1b2a-4fc5-a038-2bc66a32118d,,
default,deposit,2021-02-01T14:03:28.028Z,0.9541416000000000,799.2215316000000000,XLM,86853c5c-493a-49e8-bc1d-fc7b43792726,,
default,deposit,2021-02-01T14:06:37.204Z,0.1310000000000000,0.1310000000000000,COMP,bd2d2c45-a834-482a-a9bf-1ca194a5fcd8,,
default,match,2021-02-13T03:22:54.453Z,-100.0000000000000000,699.2215316000000000,XLM,,19009169,76f8dcfa-f6c9-44f5-b07b-dea0ccbd17f2
default,match,2021-02-13T03:22:54.453Z,60.4901000000000000,1816.4604984411904500,USD,,19009169,76f8dcfa-f6c9-44f5-b07b-dea0ccbd17f2
default,fee,2021-02-13T03:22:54.453Z,-0.3024505000000000,1816.1580479411904500,USD,,19009169,76f8dcfa-f6c9-44f5-b07b-dea0ccbd17f2
default,match,2021-03-12T15:35:26.091Z,-0.0009924200000000,0.0917505768820423,BTC,,3804370,89b9d6d3-03e5-447a-8cf4-bb0b4545d9a2
default,match,2021-03-12T15:35:26.091Z,143.0000000000000000,842.2215316000000000,XLM,,3804370,89b9d6d3-03e5-447a-8cf4-bb0b4545d9a2
default,fee,2021-03-12T15:35:26.091Z,-0.0000049621000000,0.0917456147820423,BTC,,3804370,89b9d6d3-03e5-447a-8cf4-bb0b4545d9a2
default,match,2021-03-14T11:49:02.919Z,-0.0050000000000000,0.0867456147820423,BTC,,144772360,ca774024-bc20-491f-8b05-04c65843778a
default,match,2021-03-14T11:49:02.919Z,300.0065500000000000,2116.1645979411904500,USD,,144772360,ca774024-bc20-491f-8b05-04c65843778a
default,fee,2021-03-14T11:49:02.919Z,-1.5000327500000000,2114.6645651911904500,USD,,144772360,ca774024-bc20-491f-8b05-04c65843778a
default,match,2021-04-10T17:48:27.009Z,-50.0000000000000000,792.2215316000000000,XLM,,26203080,99c6bd05-97a2-4d1b-af65-52c0690c897e
default,match,2021-04-10T17:48:27.009Z,27.3282500000000000,2141.9928151911904500,USD,,26203080,99c6bd05-97a2-4d1b-af65-52c0690c897e
default,fee,2021-04-10T17:48:27.009Z,-0.1366412500000000,2141.8561739411904500,USD,,26203080,99c6bd05-97a2-4d1b-af65-52c0690c897e
default,match,2021-04-11T13:54:28.458Z,-50.0000000000000000,742.2215316000000000,XLM,,26476920,fe559761-48a2-4e8b-bc9b-92f5ab5767aa
default,match,2021-04-11T13:54:28.458Z,29.6752000000000000,2171.5313739411904500,USD,,26476920,fe559761-48a2-4e8b-bc9b-92f5ab5767aa
default,fee,2021-04-11T13:54:28.458Z,-0.1483760000000000,2171.3829979411904500,USD,,26476920,fe559761-48a2-4e8b-bc9b-92f5ab5767aa
default,match,2021-04-22T17:11:02.658Z,-0.0500000000000000,0.6127487400000000,ETH,,15693316,460663bb-f783-4502-8e92-0c5578cbc35f
default,match,2021-04-22T17:11:02.658Z,0.0023845000000000,0.0891301147820423,BTC,,15693316,460663bb-f783-4502-8e92-0c5578cbc35f
default,fee,2021-04-22T17:11:02.658Z,-0.0000119225000000,0.0891181922820423,BTC,,15693316,460663bb-f783-4502-8e92-0c5578cbc35f
default,match,2021-04-23T02:11:52.398Z,-29.4401920000000000,2141.9428059411904500,USD,,28798055,e252aef0-99d3-4749-a1c1-ef3c4dbe1f99
default,match,2021-04-23T02:11:52.398Z,68.0000000000000000,810.2215316000000000,XLM,,28798055,e252aef0-99d3-4749-a1c1-ef3c4dbe1f99
default,fee,2021-04-23T02:11:52.398Z,-0.1472009600000000,2141.7956049811904500,USD,,28798055,e252aef0-99d3-4749-a1c1-ef3c4dbe1f99
default,match,2021-04-29T11:49:17.882Z,-0.0400000000000000,0.5727487400000000,ETH,,16032015,6f91fa4c-67a3-49bc-86c2-08371cc4e60d
default,match,2021-04-29T11:49:17.882Z,0.0020348000000000,0.0911529922820423,BTC,,16032015,6f91fa4c-67a3-49bc-86c2-08371cc4e60d
default,fee,2021-04-29T11:49:17.882Z,-0.0000101740000000,0.0911428182820423,BTC,,16032015,6f91fa4c-67a3-49bc-86c2-08371cc4e60d
default,match,2021-05-02T14:12:52.888Z,-0.0550000000000000,0.0760000000000000,COMP,,2025384,6c56ae74-af4f-474b-a468-d3d5a514c04c
default,match,2021-05-02T14:12:52.888Z,0.0008248350000000,0.0919676532820423,BTC,,2025384,6c56ae74-af4f-474b-a468-d3d5a514c04c
default,fee,2021-05-02T14:12:52.888Z,-0.0000041241750000,0.0919635291070423,BTC,,2025384,6c56ae74-af4f-474b-a468-d3d5a514c04c
default,match,2021-05-03T16:08:32.051Z,-0.0200000000000000,0.5527487400000000,ETH,,105301817,fbf42bad-471c-4b51-ae5f-83d673b28ffe
default,match,2021-05-03T16:08:32.051Z,63.5062000000000000,2205.3018049811904500,USD,,105301817,fbf42bad-471c-4b51-ae5f-83d673b28ffe
default,fee,2021-05-03T16:08:32.051Z,-0.3175310000000000,2204.9842739811904500,USD,,105301817,fbf42bad-471c-4b51-ae5f-83d673b28ffe
default,match,2021-05-03T16:09:08.568Z,-0.0200000000000000,0.5327487400000000,ETH,,16277950,96852406-428a-4b74-81ee-894debec6534
default,match,2021-05-03T16:09:08.568Z,0.0011020000000000,0.0930655291070423,BTC,,16277950,96852406-428a-4b74-81ee-894debec6534
default,fee,2021-05-03T16:09:08.568Z,-0.0000055100000000,0.0930600191070423,BTC,,16277950,96852406-428a-4b74-81ee-894debec6534
default,match,2021-05-04T00:40:34.430Z,-0.0350000000000000,0.4977487400000000,ETH,,16365454,7271595d-ccf9-4a8c-9ec6-8c0c27167b5c
default,match,2021-05-04T00:40:34.430Z,0.0020919500000000,0.0951519691070423,BTC,,16365454,7271595d-ccf9-4a8c-9ec6-8c0c27167b5c
default,fee,2021-05-04T00:40:34.430Z,-0.0000104597500000,0.0951415093570423,BTC,,16365454,7271595d-ccf9-4a8c-9ec6-8c0c27167b5c
default,match,2021-05-06T02:02:46.502Z,-1.0000000000000000,809.2215316000000000,XLM,,4900463,f81feb13-8681-4bd4-b121-5b1d06843915
default,match,2021-05-06T02:02:46.502Z,0.0000110100000000,0.0951525193570423,BTC,,4900463,f81feb13-8681-4bd4-b121-5b1d06843915
default,fee,2021-05-06T02:02:46.502Z,-0.0000000550500000,0.0951524643070423,BTC,,4900463,f81feb13-8681-4bd4-b121-5b1d06843915
default,match,2021-05-06T02:02:46.507Z,-3.0000000000000000,806.2215316000000000,XLM,,4900464,f81feb13-8681-4bd4-b121-5b1d06843915
default,match,2021-05-06T02:02:46.507Z,0.0000330300000000,0.0951854943070423,BTC,,4900464,f81feb13-8681-4bd4-b121-5b1d06843915
default,fee,2021-05-06T02:02:46.507Z,-0.0000001651500000,0.0951853291570423,BTC,,4900464,f81feb13-8681-4bd4-b121-5b1d06843915
default,match,2021-05-06T02:02:46.512Z,-96.0000000000000000,710.2215316000000000,XLM,,4900465,f81feb13-8681-4bd4-b121-5b1d06843915
default,match,2021-05-06T02:02:46.512Z,0.0010569600000000,0.0962422891570423,BTC,,4900465,f81feb13-8681-4bd4-b121-5b1d06843915
default,fee,2021-05-06T02:02:46.512Z,-0.0000052848000000,0.0962370043570423,BTC,,4900465,f81feb13-8681-4bd4-b121-5b1d06843915
default,match,2021-05-08T21:21:16.729Z,-0.0400000000000000,0.4577487400000000,ETH,,108810285,c74173b9-ff6f-4df4-ad9e-95ef756d21ad
default,match,2021-05-08T21:21:16.729Z,155.2204000000000000,2360.2046739811904500,USD,,108810285,c74173b9-ff6f-4df4-ad9e-95ef756d21ad
default,fee,2021-05-08T21:21:16.729Z,-0.7761020000000000,2359.4285719811904500,USD,,108810285,c74173b9-ff6f-4df4-ad9e-95ef756d21ad
default,match,2021-05-10T11:54:53.690Z,-60.0000000000000000,650.2215316000000000,XLM,,5057428,14c2d1de-b8a5-47d6-a09c-3c888818d486
default,match,2021-05-10T11:54:53.690Z,0.0007638000000000,0.0970008043570423,BTC,,5057428,14c2d1de-b8a5-47d6-a09c-3c888818d486
default,fee,2021-05-10T11:54:53.690Z,-0.0000038190000000,0.0969969853570423,BTC,,5057428,14c2d1de-b8a5-47d6-a09c-3c888818d486
default,match,2021-05-10T13:24:40.831Z,-0.0400000000000000,0.4177487400000000,ETH,,17026471,d63aa538-5e5f-43f2-8107-1acaad3ce983
default,match,2021-05-10T13:24:40.831Z,0.0028588000000000,0.0998557853570423,BTC,,17026471,d63aa538-5e5f-43f2-8107-1acaad3ce983
default,fee,2021-05-10T13:24:40.831Z,-0.0000142940000000,0.0998414913570423,BTC,,17026471,d63aa538-5e5f-43f2-8107-1acaad3ce983
default,match,2021-05-15T14:41:45.615Z,-75.0000000000000000,575.2215316000000000,XLM,,5285357,846eef24-989e-4887-813c-4682f22f81c4
default,match,2021-05-15T14:41:45.615Z,0.0011092500000000,0.1009507413570423,BTC,,5285357,846eef24-989e-4887-813c-4682f22f81c4
default,fee,2021-05-15T14:41:45.615Z,-0.0000055462500000,0.1009451951070423,BTC,,5285357,846eef24-989e-4887-813c-4682f22f81c4
default,match,2021-05-17T16:07:04.006Z,-179.1043927887000000,2180.3241791924904500,USD,,172113921,728be22c-4ce3-4c23-932c-e9e833c2a7aa
default,match,2021-05-17T16:07:04.006Z,0.0041055100000000,0.1050507051070423,BTC,,172113921,728be22c-4ce3-4c23-932c-e9e833c2a7aa
default,fee,2021-05-17T16:07:04.006Z,-0.8955219639435000,2179.4286572285469500,USD,,172113921,728be22c-4ce3-4c23-932c-e9e833c2a7aa
default,withdrawal,2021-05-17T16:07:20.460Z,-0.0060201000000000,0.0990306051070423,BTC,50ac2c0f-8ada-43f8-9ec4-c9199bd4e40c,,
default,match,2021-05-19T10:43:43.096Z,-199.0049723200000000,1980.4236849085469500,USD,,173478456,1c5e5e0f-8019-40d6-9f60-31fae055162e
default,match,2021-05-19T10:43:43.096Z,0.0050855000000000,0.1041161051070423,BTC,,173478456,1c5e5e0f-8019-40d6-9f60-31fae055162e
default,fee,2021-05-19T10:43:43.096Z,-0.9950248616000000,1979.4286600469469500,USD,,173478456,1c5e5e0f-8019-40d6-9f60-31fae055162e
default,match,2021-05-19T16:02:48.840Z,-19.8913960000000000,1959.5372640469469500,USD,,35458477,fe58fb11-c317-4ebf-b3ce-925635f46b10
default,match,2021-05-19T16:02:48.840Z,41.0000000000000000,616.2215316000000000,XLM,,35458477,fe58fb11-c317-4ebf-b3ce-925635f46b10
default,fee,2021-05-19T16:02:48.840Z,-0.0994569800000000,1959.4378070669469500,USD,,35458477,fe58fb11-c317-4ebf-b3ce-925635f46b10
default,match,2021-05-19T16:05:20.802Z,-99.5022072000000000,1859.9355998669469500,USD,,174148506,592e0c07-008a-4ae6-b29d-943d202e4512
default,match,2021-05-19T16:05:20.802Z,0.0026452800000000,0.1067613851070423,BTC,,174148506,592e0c07-008a-4ae6-b29d-943d202e4512
default,fee,2021-05-19T16:05:20.802Z,-0.4975110360000000,1859.4380888309469500,USD,,174148506,592e0c07-008a-4ae6-b29d-943d202e4512
default,match,2021-05-21T20:21:30.036Z,-29.4834240000000000,1829.9546648309469500,USD,,36086017,fb2a38e3-e4ca-4151-8649-9769dc140fac
default,match,2021-05-21T20:21:30.036Z,72.0000000000000000,688.2215316000000000,XLM,,36086017,fb2a38e3-e4ca-4151-8649-9769dc140fac
default,fee,2021-05-21T20:21:30.036Z,-0.1474171200000000,1829.8072477109469500,USD,,36086017,fb2a38e3-e4ca-4151-8649-9769dc140fac
default,match,2021-05-21T20:22:46.302Z,-99.5024704835000000,1730.3047772274469500,USD,,119433313,9510bb63-0ba4-49c5-b462-2eb8d02c8c19
default,match,2021-05-21T20:22:46.302Z,0.0430811900000000,0.4608299300000000,ETH,,119433313,9510bb63-0ba4-49c5-b462-2eb8d02c8c19
default,fee,2021-05-21T20:22:46.302Z,-0.4975123524175000,1729.8072648750294500,USD,,119433313,9510bb63-0ba4-49c5-b462-2eb8d02c8c19
default,match,2021-05-23T12:06:53.112Z,-34.5435220000000000,1695.2637428750294500,USD,,36419497,5b1e3300-c5ac-425b-b86e-0acc7df01322
default,match,2021-05-23T12:06:53.112Z,103.0000000000000000,791.2215316000000000,XLM,,36419497,5b1e3300-c5ac-425b-b86e-0acc7df01322
default,fee,2021-05-23T12:06:53.112Z,-0.1727176100000000,1695.0910252650294500,USD,,36419497,5b1e3300-c5ac-425b-b86e-0acc7df01322
default,match,2021-05-23T17:03:55.757Z,-49.7512317375000000,1645.3397935275294500,USD,,120991447,64f8e772-f19e-40b5-bf6e-e2acd3c83a3b
default,match,2021-05-23T17:03:55.757Z,0.0258052500000000,0.4866351800000000,ETH,,120991447,64f8e772-f19e-40b5-bf6e-e2acd3c83a3b
default,fee,2021-05-23T17:03:55.757Z,-0.2487561586875000,1645.0910373688419500,USD,,120991447,64f8e772-f19e-40b5-bf6e-e2acd3c83a3b
default,deposit,2021-06-03T11:06:01.658Z,100.0000000000000000,1745.0910373688419500,USD,ff602830-d512-4778-8222-29b9c85b55af,,
default,match,2021-06-03T11:09:20.817Z,-0.0500000000000000,0.4366351800000000,ETH,,19087154,a1e7b16d-c12e-4f39-83fa-d4ebb802bfc9
default,match,2021-06-03T11:09:20.817Z,0.0036405000000000,0.1104018851070423,BTC,,19087154,a1e7b16d-c12e-4f39-83fa-d4ebb802bfc9
default,fee,2021-06-03T11:09:20.817Z,-0.0000182025000000,0.1103836826070423,BTC,,19087154,a1e7b16d-c12e-4f39-83fa-d4ebb802bfc9
default,match,2021-06-11T18:37:17.908Z,-34.6902560000000000,1710.4007813688419500,USD,,38996907,1a384d82-fa11-400e-ae47-55518656df81
default,match,2021-06-11T18:37:17.908Z,107.0000000000000000,898.2215316000000000,XLM,,38996907,1a384d82-fa11-400e-ae47-55518656df81
default,fee,2021-06-11T18:37:17.908Z,-0.1734512800000000,1710.2273300888419500,USD,,38996907,1a384d82-fa11-400e-ae47-55518656df81
default,match,2021-06-15T15:43:26.758Z,-148.9989570000000000,1561.2283730888419500,USD,,39278523,96883a73-e427-44b4-ba4f-9c96542f2b56
default,match,2021-06-15T15:43:26.758Z,447.0000000000000000,1345.2215316000000000,XLM,,39278523,96883a73-e427-44b4-ba4f-9c96542f2b56
default,fee,2021-06-15T15:43:26.758Z,-0.7449947850000000,1560.4833783038419500,USD,,39278523,96883a73-e427-44b4-ba4f-9c96542f2b56
default,match,2021-06-18T13:48:22.940Z,-0.0038886473880000,0.1064950352190423,BTC,,19474788,0ffc643c-bfc1-468c-a3f1-4f9ccb2b1b7e
default,match,2021-06-18T13:48:22.940Z,0.0635399900000000,0.5001751700000000,ETH,,19474788,0ffc643c-bfc1-468c-a3f1-4f9ccb2b1b7e
default,fee,2021-06-18T13:48:22.940Z,-0.0000194432369400,0.1064755919821023,BTC,,19474788,0ffc643c-bfc1-468c-a3f1-4f9ccb2b1b7e
default,match,2021-06-18T13:48:22.945Z,-0.0020814921720000,0.1043940998101023,BTC,,19474789,0ffc643c-bfc1-468c-a3f1-4f9ccb2b1b7e
default,match,2021-06-18T13:48:22.945Z,0.0340113100000000,0.5341864800000000,ETH,,19474789,0ffc643c-bfc1-468c-a3f1-4f9ccb2b1b7e
default,fee,2021-06-18T13:48:22.945Z,-0.0000104074608600,0.1043836923492423,BTC,,19474789,0ffc643c-bfc1-468c-a3f1-4f9ccb2b1b7e
default,match,2021-06-23T13:12:38.712Z,-100.0000000000000000,1245.2215316000000000,XLM,,39930855,f3a2e480-c42e-4e9f-8716-078a4d41a238
default,match,2021-06-23T13:12:38.712Z,26.7597000000000000,1587.2430783038419500,USD,,39930855,f3a2e480-c42e-4e9f-8716-078a4d41a238
default,fee,2021-06-23T13:12:38.712Z,-0.1337985000000000,1587.1092798038419500,USD,,39930855,f3a2e480-c42e-4e9f-8716-078a4d41a238
default,deposit,2021-06-27T10:55:46.638Z,0.1990000000000000,0.1990000000000000,FIL,9382c0e6-476a-47a5-b8a7-53e194706e01,,
default,deposit,2021-06-27T10:56:15.271Z,6.1141200000000000,6.1141200000000000,DAI,d631c886-5edd-4707-819f-6a278bfe6677,,
default,deposit,2021-06-27T10:56:38.887Z,6.4300000000000000,6.4300000000000000,GRT,0cb08c52-cb34-43bd-91b7-c72ced6ef40e,,
default,deposit,2021-06-27T10:56:55.479Z,13.2430980000000000,13.2430980000000000,NU,5946b9c0-b846-4b24-99d7-9e45a35d3f0f,,
default,deposit,2021-06-27T10:57:10.025Z,0.4800000000000000,0.4800000000000000,BAND,62d599ba-cad4-4e7a-aead-99cf6ac97c86,,
default,deposit,2021-06-27T10:57:21.394Z,0.0700000000000000,0.0700000000000000,NMR,8f9aeee0-4c1c-46df-b8ce-119406b7492d,,
default,deposit,2021-06-27T10:57:34.605Z,0.0930000000000000,0.0930000000000000,FORTH,0c8f0a76-92d4-4cb9-8857-37d0f9c35ce3,,
default,deposit,2021-06-27T10:57:47.893Z,46.0000000000000000,46.0000000000000000,AMP,cf97e9dc-c668-455c-af00-068cfe9d53e4,,
default,match,2021-07-05T00:01:21.221Z,-0.0510000000000000,0.0250000000000000,COMP,,13206734,103bd817-552a-46b5-888b-da4405233139
default,match,2021-07-05T00:01:21.221Z,22.4002200000000000,1609.5094998038419500,USD,,13206734,103bd817-552a-46b5-888b-da4405233139
default,fee,2021-07-05T00:01:21.221Z,-0.1120011000000000,1609.3974987038419500,USD,,13206734,103bd817-552a-46b5-888b-da4405233139
default,match,2021-07-05T00:01:54.386Z,-0.0079180000000000,0.0038820000000000,MKR,,9734385,3ceb8665-3f9f-4b89-bf5a-fa65ef2ad018
default,match,2021-07-05T00:01:54.386Z,22.0774323866000000,1631.4749310904419500,USD,,9734385,3ceb8665-3f9f-4b89-bf5a-fa65ef2ad018
default,fee,2021-07-05T00:01:54.386Z,-0.1103871619330000,1631.3645439285089500,USD,,9734385,3ceb8665-3f9f-4b89-bf5a-fa65ef2ad018
default,match,2021-07-05T00:03:13.763Z,-9.4376800000000000,1621.9268639285089500,USD,,3007243,a94a65a6-3c0c-47ef-9f5b-40b4ed6979c4
default,match,2021-07-05T00:03:13.763Z,0.5600000000000000,0.6530000000000000,FORTH,,3007243,a94a65a6-3c0c-47ef-9f5b-40b4ed6979c4
default,fee,2021-07-05T00:03:13.763Z,-0.0471884000000000,1621.8796755285089500,USD,,3007243,a94a65a6-3c0c-47ef-9f5b-40b4ed6979c4
default,match,2021-07-05T00:03:33.581Z,-8.7508284000000000,1613.1288471285089500,USD,,7032873,04cf383d-b3cf-47dd-b4f9-ae002fca0dea
default,match,2021-07-05T00:03:33.581Z,0.2760000000000000,0.3460000000000000,NMR,,7032873,04cf383d-b3cf-47dd-b4f9-ae002fca0dea
default,fee,2021-07-05T00:03:33.581Z,-0.0437541420000000,1613.0850929865089500,USD,,7032873,04cf383d-b3cf-47dd-b4f9-ae002fca0dea
default,match,2021-07-05T00:03:56.350Z,-8.1893700000000000,1604.8957229865089500,USD,,3986199,66f5c122-5d89-4ea2-9c48-ef6a9f934400
default,match,2021-07-05T00:03:56.350Z,147.0000000000000000,193.0000000000000000,AMP,,3986199,66f5c122-5d89-4ea2-9c48-ef6a9f934400
default,fee,2021-07-05T00:03:56.350Z,-0.0409468500000000,1604.8547761365089500,USD,,3986199,66f5c122-5d89-4ea2-9c48-ef6a9f934400
default,match,2021-07-05T00:04:20.978Z,-0.0619480000000000,1604.7928281365089500,USD,,7353756,ae291b98-df8d-4782-b81d-ee826f0affc2
default,match,2021-07-05T00:04:20.978Z,0.0100000000000000,0.4900000000000000,BAND,,7353756,ae291b98-df8d-4782-b81d-ee826f0affc2
default,fee,2021-07-05T00:04:20.978Z,-0.0003097400000000,1604.7925183965089500,USD,,7353756,ae291b98-df8d-4782-b81d-ee826f0affc2
default,match,2021-07-05T00:04:20.980Z,-7.8717140000000000,1596.9208043965089500,USD,,7353757,ae291b98-df8d-4782-b81d-ee826f0affc2
default,match,2021-07-05T00:04:20.980Z,1.2700000000000000,1.7600000000000000,BAND,,7353757,ae291b98-df8d-4782-b81d-ee826f0affc2
default,fee,2021-07-05T00:04:20.980Z,-0.0393585700000000,1596.8814458265089500,USD,,7353757,ae291b98-df8d-4782-b81d-ee826f0affc2
default,match,2021-07-05T00:04:38.105Z,-3.6120000000000000,1593.2694458265089500,USD,,9282212,4608d6c9-8971-433b-bafb-3fec292c43a9
default,match,2021-07-05T00:04:38.105Z,15.0000000000000000,28.2430980000000000,NU,,9282212,4608d6c9-8971-433b-bafb-3fec292c43a9
default,fee,2021-07-05T00:04:38.105Z,-0.0180600000000000,1593.2513858265089500,USD,,9282212,4608d6c9-8971-433b-bafb-3fec292c43a9
default,match,2021-07-05T00:04:38.108Z,-4.1093928909000000,1589.1419929356089500,USD,,9282213,4608d6c9-8971-433b-bafb-3fec292c43a9
default,match,2021-07-05T00:04:38.108Z,17.0585010000000000,45.3015990000000000,NU,,9282213,4608d6c9-8971-433b-bafb-3fec292c43a9
default,fee,2021-07-05T00:04:38.108Z,-0.0205469644545000,1589.1214459711544500,USD,,9282213,4608d6c9-8971-433b-bafb-3fec292c43a9
default,match,2021-07-05T00:05:12.686Z,-11.7000000000000000,18.1491289900000000,BAT,,925581,a1588fb3-b90e-4c33-bc59-65d79b06e6ed
default,match,2021-07-05T00:05:12.686Z,7.0083000000000000,1596.1297459711544500,USD,,925581,a1588fb3-b90e-4c33-bc59-65d79b06e6ed
default,fee,2021-07-05T00:05:12.686Z,-0.0350415000000000,1596.0947044711544500,USD,,925581,a1588fb3-b90e-4c33-bc59-65d79b06e6ed
default,match,2021-08-04T16:34:19.162Z,-0.0350000000000000,0.4991864800000000,ETH,,142341577,020896c5-a901-4520-9d09-67a09a39029b
default,match,2021-08-04T16:34:19.162Z,94.4926500000000000,1690.5873544711544500,USD,,142341577,020896c5-a901-4520-9d09-67a09a39029b
default,fee,2021-08-04T16:34:19.162Z,-0.4724632500000000,1690.1148912211544500,USD,,142341577,020896c5-a901-4520-9d09-67a09a39029b
default,match,2021-08-07T12:09:17.194Z,-0.0023000000000000,0.1020836923492423,BTC,,200024870,f4523dab-cbcd-4842-a104-5baff062bc4f
default,match,2021-08-07T12:09:17.194Z,101.8039340000000000,1791.9188252211544500,USD,,200024870,f4523dab-cbcd-4842-a104-5baff062bc4f
default,fee,2021-08-07T12:09:17.194Z,-0.5090196700000000,1791.4098055511544500,USD,,200024870,f4523dab-cbcd-4842-a104-5baff062bc4f
default,match,2021-08-07T12:09:46.718Z,-0.0330000000000000,0.4661864800000000,ETH,,143502051,a5ef8bab-7e56-48dd-99c2-f5d96b0ac08e
default,match,2021-08-07T12:09:46.718Z,103.3421400000000000,1894.7519455511544500,USD,,143502051,a5ef8bab-7e56-48dd-99c2-f5d96b0ac08e
default,fee,2021-08-07T12:09:46.718Z,-0.5167107000000000,1894.2352348511544500,USD,,143502051,a5ef8bab-7e56-48dd-99c2-f5d96b0ac08e
default,match,2021-08-14T10:58:53.728Z,-100.0000000000000000,1145.2215316000000000,XLM,,43285568,53edee7c-2b57-4d68-98e0-2a5c871435a4
default,match,2021-08-14T10:58:53.728Z,35.4761000000000000,1929.7113348511544500,USD,,43285568,53edee7c-2b57-4d68-98e0-2a5c871435a4
default,fee,2021-08-14T10:58:53.728Z,-0.1773805000000000,1929.5339543511544500,USD,,43285568,53edee7c-2b57-4d68-98e0-2a5c871435a4
default,match,2021-09-03T11:38:16.498Z,-0.0500000000000000,0.4161864800000000,ETH,,151515947,38282584-4088-49c6-80ea-c95f158a6a22
default,match,2021-09-03T11:38:16.498Z,197.8520000000000000,2127.3859543511544500,USD,,151515947,38282584-4088-49c6-80ea-c95f158a6a22
default,fee,2021-09-03T11:38:16.498Z,-0.9892600000000000,2126.3966943511544500,USD,,151515947,38282584-4088-49c6-80ea-c95f158a6a22
default,match,2021-09-27T00:05:06.201Z,-49.6657800000000000,2076.7309143511544500,USD,,47914517,2771d03a-d099-4f55-84ef-b8dfbfb18404
default,match,2021-09-27T00:05:06.201Z,180.0000000000000000,1325.2215316000000000,XLM,,47914517,2771d03a-d099-4f55-84ef-b8dfbfb18404
default,fee,2021-09-27T00:05:06.201Z,-0.2483289000000000,2076.4825854511544500,USD,,47914517,2771d03a-d099-4f55-84ef-b8dfbfb18404
default,deposit,2021-10-10T00:00:44.290Z,4.1200000000000000,4.1200000000000000,CGLD,ec7ea90a-7af8-435d-a6ef-fd341c9f9813,,
default,match,2021-10-10T11:31:11.943Z,-4.1200000000000000,0.0000000000000000,CGLD,,17643352,ad8f7dbb-94e0-4c04-ad64-2b8ef19b0e36
default,match,2021-10-10T11:31:11.943Z,24.1366080000000000,2100.6191934511544500,USD,,17643352,ad8f7dbb-94e0-4c04-ad64-2b8ef19b0e36
default,fee,2021-10-10T11:31:11.943Z,-0.1206830400000000,2100.4985104111544500,USD,,17643352,ad8f7dbb-94e0-4c04-ad64-2b8ef19b0e36
default,match,2021-10-10T22:35:27.739Z,-0.0016447470468000,0.1004389453024423,BTC,,22291608,abcbe05a-b6d9-406d-bf5a-ab5d5298af84
default,match,2021-10-10T22:35:27.739Z,0.0261402900000000,0.4423267700000000,ETH,,22291608,abcbe05a-b6d9-406d-bf5a-ab5d5298af84
default,fee,2021-10-10T22:35:27.739Z,-0.0000082237352340,0.1004307215672083,BTC,,22291608,abcbe05a-b6d9-406d-bf5a-ab5d5298af84
default,match,2021-10-10T22:35:27.745Z,-0.0005443026732000,0.0998864188940083,BTC,,22291609,abcbe05a-b6d9-406d-bf5a-ab5d5298af84
default,match,2021-10-10T22:35:27.745Z,0.0086507100000000,0.4509774800000000,ETH,,22291609,abcbe05a-b6d9-406d-bf5a-ab5d5298af84
default,fee,2021-10-10T22:35:27.745Z,-0.0000027215133660,0.0998836973806423,BTC,,22291609,abcbe05a-b6d9-406d-bf5a-ab5d5298af84
default,match,2021-10-10T23:22:41.409Z,-0.3460000000000000,0.0000000000000000,NMR,,8493588,56cb4ee5-9fee-4f1b-beb8-1339f912ab21
default,match,2021-10-10T23:22:41.409Z,15.0747702000000000,2115.5732806111544500,USD,,8493588,56cb4ee5-9fee-4f1b-beb8-1339f912ab21
default,fee,2021-10-10T23:22:41.409Z,-0.0753738510000000,2115.4979067601544500,USD,,8493588,56cb4ee5-9fee-4f1b-beb8-1339f912ab21
default,match,2021-10-12T11:56:18.832Z,-0.0040000000000000,0.0958836973806423,BTC,,220288876,4c5679dc-1da4-4174-b389-52ac2a4f4be3
default,match,2021-10-12T11:56:18.832Z,228.8270800000000000,2344.3249867601544500,USD,,220288876,4c5679dc-1da4-4174-b389-52ac2a4f4be3
default,fee,2021-10-12T11:56:18.832Z,-1.1441354000000000,2343.1808513601544500,USD,,220288876,4c5679dc-1da4-4174-b389-52ac2a4f4be3
default,match,2021-10-15T12:05:40.413Z,-45.3015990000000000,0.0000000000000000,NU,,11888564,fe51ba59-0bb2-452c-a2f9-1e6a69b30979
default,match,2021-10-15T12:05:40.413Z,53.4558868200000000,2396.6367381801544500,USD,,11888564,fe51ba59-0bb2-452c-a2f9-1e6a69b30979
default,fee,2021-10-15T12:05:40.413Z,-0.2672794341000000,2396.3694587460544500,USD,,11888564,fe51ba59-0bb2-452c-a2f9-1e6a69b30979
default,match,2021-10-16T17:17:59.461Z,-150.0000000000000000,1175.2215316000000000,XLM,,50547713,74140aab-1d51-4ef9-a97e-ebb9dc945665
default,match,2021-10-16T17:17:59.461Z,60.6204000000000000,2456.9898587460544500,USD,,50547713,74140aab-1d51-4ef9-a97e-ebb9dc945665
default,fee,2021-10-16T17:17:59.461Z,-0.3031020000000000,2456.6867567460544500,USD,,50547713,74140aab-1d51-4ef9-a97e-ebb9dc945665
default,match,2021-10-30T23:16:53.339Z,-18.1400000000000000,0.0091289900000000,BAT,,1923107,b6b8d92e-a218-4202-a070-232e1ed06c92
default,match,2021-10-30T23:16:53.339Z,22.5661600000000000,2479.2529167460544500,USD,,1923107,b6b8d92e-a218-4202-a070-232e1ed06c92
default,fee,2021-10-30T23:16:53.339Z,-0.1128308000000000,2479.1400859460544500,USD,,1923107,b6b8d92e-a218-4202-a070-232e1ed06c92
default,match,2021-11-03T00:40:57.430Z,-0.0300000000000000,0.4209774800000000,ETH,,175134808,8d0d98e4-16d3-4b3a-af93-387ed0b46877
default,match,2021-11-03T00:40:57.430Z,137.2011000000000000,2616.3411859460544500,USD,,175134808,8d0d98e4-16d3-4b3a-af93-387ed0b46877
default,fee,2021-11-03T00:40:57.430Z,-0.6860055000000000,2615.6551804460544500,USD,,175134808,8d0d98e4-16d3-4b3a-af93-387ed0b46877
default,match,2021-11-28T23:31:27.341Z,-39.5879190000000000,2576.0672614460544500,USD,,56700431,28c21aef-cf7d-4d0d-9f55-0292cd0f0dd8
default,match,2021-11-28T23:31:27.341Z,123.0000000000000000,1298.2215316000000000,XLM,,56700431,28c21aef-cf7d-4d0d-9f55-0292cd0f0dd8
default,fee,2021-11-28T23:31:27.341Z,-0.1979395950000000,2575.8693218510544500,USD,,56700431,28c21aef-cf7d-4d0d-9f55-0292cd0f0dd8
default,match,2021-11-30T02:33:49.195Z,-0.0300000000000000,0.3909774800000000,ETH,,23864844,8830a526-cd85-4252-990d-37439da39fe3
default,match,2021-11-30T02:33:49.195Z,0.0023394000000000,0.0982230973806423,BTC,,23864844,8830a526-cd85-4252-990d-37439da39fe3
default,fee,2021-11-30T02:33:49.195Z,-0.0000116970000000,0.0982114003806423,BTC,,23864844,8830a526-cd85-4252-990d-37439da39fe3
default,match,2021-12-05T00:06:18.645Z,-248.7561441379000000,2327.1131777131544500,USD,,246556367,0884ae63-a282-4146-9c55-5fdca3a2508a
default,match,2021-12-05T00:06:18.645Z,0.0050407300000000,0.1032521303806423,BTC,,246556367,0884ae63-a282-4146-9c55-5fdca3a2508a
default,fee,2021-12-05T00:06:18.645Z,-1.2437807206895000,2325.8693969924649500,USD,,246556367,0884ae63-a282-4146-9c55-5fdca3a2508a
default,deposit,2021-12-06T00:36:38.058Z,200.0000000000000000,2525.8693969924649500,USD,c207f45a-35e3-4d3e-b032-69bbaa40643f,,
default,match,2021-12-06T12:13:58.652Z,-49.5480510000000000,2476.3213459924649500,USD,,57908777,5994e89a-9af3-4365-9c9b-3816de4465b7
default,match,2021-12-06T12:13:58.652Z,189.0000000000000000,1487.2215316000000000,XLM,,57908777,5994e89a-9af3-4365-9c9b-3816de4465b7
default,fee,2021-12-06T12:13:58.652Z,-0.2477402550000000,2476.0736057374649500,USD,,57908777,5994e89a-9af3-4365-9c9b-3816de4465b7